"STATION","NAME","DATE","CDSD","DSND","DSNW","EMNT","EMSD","EMSN","EMXP","EMXT","HDSD","PRCP","SNOW","TAVG","TMAX","TMIN"
"USC00210018","ADA, MN US","1950-01",,,,"-33",,,"0.50",,,"1.30",,,,"-16.4"
"USC00210018","ADA, MN US","1950-02",,,"1","-32",,"1.0","0.10","35",,"0.10","1.0","7.1","19.1","-5.0"
"USC00210018","ADA, MN US","1950-03",,,"0","-25",,"0.3","0.91","40",,"1.14","0.3","19.5","29.5","9.4"
"USC00210018","ADA, MN US","1950-04",,,,"5",,,,"65",,,,"32.8","41.0","24.7"
"USC00210018","ADA, MN US","1950-05",,"0","0","30","0","0.0","1.40","88",,"5.21","0.0","51.8","61.6","42.0"
"USC00210018","ADA, MN US","1950-06",,"0","0",,"0","0.0","1.60",,,"4.44","0.0",,,
"USC00210018","ADA, MN US","1950-08",,"0","0","38","0","0.0","0.90","90",,"1.84","0.0","65.2","78.8","51.6"
"USC00210018","ADA, MN US","1950-09",,"0","0","37","0","0.0","0.85","89",,"2.24","0.0","62.1","74.6","49.7"
"USC00210018","ADA, MN US","1950-10",,"0","0","23","0","0.5","0.80","77",,"0.99","0.5","48.5","59.5","37.4"
"USC00210018","ADA, MN US","1950-11",,,"0","-5",,"0.0","0.60","59",,"1.00","0.0","24.4","33.1","15.8"
"USC00210018","ADA, MN US","1950-12",,,"0","-23",,"0.0","0.10","37",,"0.16","0.0","7.2","16.3","-1.8"
"USC00210018","ADA, MN US","1951-01","0",,"0","-35",,"0.0","0.18","38",,"0.44","0.0","2.9","12.6","-6.8"
"USC00210018","ADA, MN US","1951-02","0",,"1","-32",,"7.5","0.50","40",,"0.86","7.5","14.6","22.8","6.5"
"USC00210018","ADA, MN US","1951-03","0",,,"-20",,,,"45",,"1.19",,"18.1","27.8","8.5"
"USC00210018","ADA, MN US","1951-04","0",,,"21",,,"0.50","78",,"0.85",,"40.8","50.6","31.0"
"USC00210018","ADA, MN US","1951-05","18","0","0","34","0","0.0","0.77","84",,"1.44","0.0","59.5","73.9","45.1"
"USC00210018","ADA, MN US","1951-06","48","0","0","38","0","0.0","0.68","85",,"1.85","0.0","61.9","73.9","49.9"
"USC00210018","ADA, MN US","1951-07","182","0","0","42","0","0.0","1.07","92","19","1.40","0.0","69.0","82.8","55.2"
"USC00210018","ADA, MN US","1951-08","227","0","0","43","0","0.0","1.82","94","58","6.68","0.0","65.2","75.4","54.9"
"USC00210018","ADA, MN US","1951-09","227","0","0","23","0","0.0","0.67","86","341","1.56","0.0","55.3","65.7","44.9"
"USC00210018","ADA, MN US","1951-10","229","1","1","7","5","5.0","0.40","80","915","1.13","5.0","45.3","55.6","34.9"
"USC00210018","ADA, MN US","1951-11","229",,,"-13",,,,"46","2191",,,"20.8","29.3","12.4"
"USC00210018","ADA, MN US","1951-12","229",,,"-25",,,"0.40","43","3933","1.02",,"6.9","15.0","-1.1"
"USC00210018","ADA, MN US","1952-01","0",,,"-34",,,,"42","5634",,,"3.5","14.4","-7.3"
"USC00210018","ADA, MN US","1952-02","0",,"0","-12",,"0.0","0.00","39","6990","0.00","0.0","18.3","26.6","9.9"
"USC00210018","ADA, MN US","1952-03","0",,"0","-17",,"0.0","0.00","50","8141","0.43","0.0","22.7","30.8","14.6"
"USC00210018","ADA, MN US","1952-04","26",,"0","13",,"0.0","0.10","91","8662","0.19","0.0","48.5","61.7","35.2"
"USC00210018","ADA, MN US","1952-05","57","0","0","26","0","0.0","0.42","92","8938","0.74","0.0","57.1","71.9","42.3"
"USC00210018","ADA, MN US","1952-06","189","0","0","41","0","0.0","0.60","96","8974","1.60","0.0","68.2","81.3","55.0"
"USC00210018","ADA, MN US","1952-07","355","0","0","45","0","0.0","3.80","94","10","8.14","0.0","70.0","82.5","57.5"
"USC00210018","ADA, MN US","1952-08","485","0","0","44","0","0.0","2.17","95","37","3.38","0.0","68.3","80.8","55.8"
"USC00210018","ADA, MN US","1952-09","582","0","0","32","0","0.0","0.19","96","196","0.36","0.0","62.9","75.8","49.9"
"USC00210018","ADA, MN US","1952-10","582","0","0","13","0","0.0","0.08","74","882","0.09","0.0","42.9","56.3","29.4"
"USC00210018","ADA, MN US","1952-11","582","0","0","-1","0","0.0","1.30","60","1863","2.30","0.0","32.3","41.6","23.0"
"USC00210018","ADA, MN US","1952-12","582","28","1","-10","3","2.5","0.10","39","3247","0.22","3.6","20.3","28.1","12.5"
"USC00210018","ADA, MN US","1953-01","0","31","2","-18","6","2.5","0.20","37","4822","0.49","5.2","12.2","20.6","3.8"
"USC00210018","ADA, MN US","1953-02","0","28","2","-13","7","3.5","0.31","39","6167","0.76","7.5","17.0","27.0","7.0"
"USC00210018","ADA, MN US","1953-03","0","12","2","-10","3","2.0","0.30","55","7285","0.78","4.0","28.9","38.3","19.6"
"USC00210018","ADA, MN US","1953-04","0","0","0","12","0","0.0","0.71","67","8030","1.60","0.0","39.3","48.7","30.0"
"USC00210018","ADA, MN US","1953-05","25","0","0","24","0","0.0","0.64","86","8344","3.47","0.0","55.7","68.2","43.1"
"USC00210018","ADA, MN US","1953-06","150","0","0","32","0","0.0","1.72","92","8440","6.00","0.0","65.9","77.3","54.6"
"USC00210018","ADA, MN US","1953-07","332","0","0","43","0","0.0","1.01","92","19","2.56","0.0","70.2","82.1","58.4"
"USC00210018","ADA, MN US","1953-08","565","0","0","50","0","0.0","1.55","97","25","2.88","0.0","72.3","84.3","60.3"
"USC00210018","ADA, MN US","1953-09","602","0","0","33","0","0.0","0.43","91","207","1.50","0.0","59.6","72.5","46.8"
"USC00210018","ADA, MN US","1953-10","630","0","0","22","0","0.0","0.45","88","561","0.99","0.0","54.5","67.4","41.6"
"USC00210018","ADA, MN US","1953-11","630","11","2","9","12","8.5","0.87","74","1430","1.33","12.5","34.8","43.9","25.8"
"USC00210018","ADA, MN US","1953-12","630",,"6","-24",,"2.0","0.26","40","2978","1.03","8.9","15.1","25.2","5.0"
"USC00210018","ADA, MN US","1954-01","0","31","6","-35","28","2.0","0.17","38","4972","0.96","10.1","-1.6","9.0","-12.1"
"USC00210018","ADA, MN US","1954-02",,"28","1",,"27","1.0","0.10","43",,"0.26","2.0",,"34.7",
"USC00210018","ADA, MN US","1954-03",,"20","3","-7","4","2.0","0.20","46",,"0.58","5.8","24.7","33.4","16.0"
"USC00210018","ADA, MN US","1954-04",,"0","0","1","0","0.0","0.57","75",,"1.52","0.0","41.9","53.3","30.5"
"USC00210018","ADA, MN US","1954-05",,"0","1","25","0","2.5","0.62","84",,"1.73","2.5","50.9","63.5","38.3"
"USC00210018","ADA, MN US","1954-06",,"0","0","39","0","0.0","1.08","92",,"2.81","0.0","66.0","77.9","54.1"
"USC00210018","ADA, MN US","1954-07",,"0","0","41","0","0.0","1.44","97","17","3.38","0.0","71.9","84.4","59.4"
"USC00210018","ADA, MN US","1954-08",,"0","0","43","0","0.0","1.08","92","45","1.90","0.0","68.9","81.7","56.1"
"USC00210018","ADA, MN US","1954-09",,"0","0","32","0","0.0","1.20","85","280","2.09","0.0","57.6","67.7","47.6"
"USC00210018","ADA, MN US","1954-10",,"0","0","20","0","0.0","0.26","71","852","0.40","0.0","45.5","56.5","34.5"
"USC00210018","ADA, MN US","1954-11",,"5","3","1","4","2.0","0.12","68","1743","0.24","4.5","34.3","44.7","23.9"
"USC00210018","ADA, MN US","1954-12",,"31","1","-8","4","1.0","0.10","39","2995","0.19","2.4","21.8","29.8","13.8"
"USC00210018","ADA, MN US","1955-01","0","31","1","-21","6","1.0","0.08","30","4719","0.31","3.9","9.4","18.7","0.0"
"USC00210018","ADA, MN US","1955-02","0","28","4","-26","13","8.0","0.77","36","6345","1.29","15.8","6.9","17.2","-3.4"
"USC00210018","ADA, MN US","1955-03","0","30","3","-22","12","2.0","0.20","55","7766","0.74","7.6","15.9","27.8","4.0"
"USC00210018","ADA, MN US","1955-04","6","0","0","27","0","0.0","0.58","82","8191","1.52","0.0","51.0","65.0","37.0"
"USC00210018","ADA, MN US","1955-05","69","0","0","22","0","0.0","0.58","93","8383","2.09","0.0","60.9","75.0","46.7"
"USC00210018","ADA, MN US","1955-06","157","0","0","44","0","0.0","0.73","90","8449","3.76","0.0","65.7","77.8","53.7"
"USC00210018","ADA, MN US","1955-07","435","0","0","48","0","0.0","2.12","96","6","7.00","0.0","74.2","86.7","61.6"
"USC00210018","ADA, MN US","1955-08","676","0","0","40","0","0.0","1.67","98","16","2.19","0.0","72.5","86.2","58.7"
"USC00210018","ADA, MN US","1955-09","723","0","0","22","0","0.0","0.45","89","251","1.75","0.0","58.7","72.3","45.1"
"USC00210018","ADA, MN US","1955-10","729","0","0","13","0","0.0","0.32","85","728","0.63","0.0","49.2","63.0","35.4"
"USC00210018","ADA, MN US","1955-11","729","17","6","-12","6","2.0","0.19","55","2094","0.93","9.5","19.5","28.0","10.9"
"USC00210018","ADA, MN US","1955-12","729","31","2","-32","11","4.0","0.38","32","3937","0.70","7.6","5.6","15.3","-4.1"
"USC00210018","ADA, MN US","1956-01","0","31","4","-24","10","2.5","0.22","34","5720","0.79","8.0","7.5","18.0","-3.0"
"USC00210018","ADA, MN US","1956-02","0","28","2","-30","12","2.0","0.20","35","7382","0.35","3.7","5.9","17.9","-6.1"
"USC00210018","ADA, MN US","1956-03","0","31","5","-21","11","6.0","0.58","42","8775","1.22","13.7","20.0","29.6","10.5"
"USC00210018","ADA, MN US","1956-04","0","8","4","15","3","3.0","1.17","68","9642","1.72","8.5","36.1","45.9","26.4"
"USC00210018","ADA, MN US","1956-05","6","0","0","29","0","0.0","1.35","83","9974","3.46","0.0","54.5","67.3","41.7"
"USC00210018","ADA, MN US","1956-06","195","0","0","36","0","0.0","0.67","97","9995","2.00","0.0","70.6","82.6","58.6"
"USC00210018","ADA, MN US","1956-07","288","0","0","45","0","0.0","0.86","86","26","2.29","0.0","67.1","78.9","55.4"
"USC00210018","ADA, MN US","1956-08","426","0","0","40","0","0.0","0.78","91","60","2.64","0.0","68.3","82.1","54.6"
"USC00210018","ADA, MN US","1956-09","435","0","0","25","0","0.0","0.17","92","354","0.77","0.0","55.5","69.5","41.5"
"USC00210018","ADA, MN US","1956-10","435","0","0","19","0","0.0","0.73","85","769","1.17","0.0","51.6","66.5","36.7"
"USC00210018","ADA, MN US","1956-11","435","0","0","-1","0","0.5","1.30","61","1722","1.82","0.5","31.7","40.7","22.8"
"USC00210018","ADA, MN US","1956-12","435","22","2","-21","2","1.5","0.14","49","3228","0.46","4.9","16.4","26.8","6.0"
"USC00210018","ADA, MN US","1957-01","0","31","1","-29","7","5.0","0.51","35","5178","0.65","7.1","2.1","12.5","-8.3"
"USC00210018","ADA, MN US","1957-02","0","28","3","-17","7","3.0","0.10","40","6662","0.30","6.0","12.0","22.0","2.0"
"USC00210018","ADA, MN US","1957-03","0","1","0","-6","1","0.7","0.07","58","7840","0.19","2.0","27.0","37.0","17.0"
"USC00210018","ADA, MN US","1957-04","1","2","1","5","5","5.0","1.12","84","8489","2.02","5.0","41.9","54.5","29.4"
"USC00210018","ADA, MN US","1957-05","20","0","0","28","0","0.0","0.59","83","8766","2.11","0.0","56.6","71.1","42.2"
"USC00210018","ADA, MN US","1957-06","39","0","0","38","0","0.0","2.55","84","8837","7.13","0.0","63.3","76.6","50.0"
"USC00210018","ADA, MN US","1957-07","363","0","0","51","0","0.0","1.30","97","0","3.75","0.0","75.4","88.4","62.4"
"USC00210018","ADA, MN US","1957-08","517","0","0","43","0","0.0","0.83","93","31","1.50","0.0","69.0","81.2","56.7"
"USC00210018","ADA, MN US","1957-09","533","0","0","28","0","0.0","2.00","85","272","4.65","0.0","57.2","68.6","45.9"
"USC00210018","ADA, MN US","1957-10","533","0","0","18","0","0.0","0.63","80","840","1.54","0.0","46.7","56.4","36.9"
"USC00210018","ADA, MN US","1957-11","533","4","1","2","2","2.0","0.60","51","1925","1.28","2.5","28.8","36.9","20.8"
"USC00210018","ADA, MN US","1957-12","533","2","0","-16","1","0.5","0.04","46","3252","0.05","0.5","20.8","31.5","10.2"
"USC00210018","ADA, MN US","1958-01","0",,"1","-14",,"1.0","0.10","48","4704","0.22","2.5","18.2","28.5","7.9"
"USC00210018","ADA, MN US","1958-02","0","3","0","-24","1","0.0","0.04","65","6146","0.07","0.0","13.5","25.9","1.1"
"USC00210018","ADA, MN US","1958-03","0","0","0","9","0","0.0","0.05","58","7193","0.07","0.0","31.2","42.5","20.0"
"USC00210018","ADA, MN US","1958-04","0","0","0","12","0","0.0","0.40","78","7705","0.61","0.0","46.1","61.0","31.1"
"USC00210018","ADA, MN US","1958-05","40","0","0","19","0","0.0","0.70","93","7931","2.11","0.0","59.0","75.5","42.5"
"USC00210018","ADA, MN US","1958-06","64","0","0","35","0","0.0","1.04","91","8098","3.48","0.0","60.2","74.1","46.3"
"USC00210018","ADA, MN US","1958-07","180","0","0","45","0","0.0","1.57","93","43","4.95","0.0","67.4","80.4","54.3"
"USC00210018","ADA, MN US","1958-08","366","0","0","42","0","0.0","0.61","101","95","2.44","0.0","69.3","84.1","54.6"
"USC00210018","ADA, MN US","1958-09","383","0","0","31","0","0.0","0.52","87","267","1.35","0.0","59.9","72.9","46.9"
"USC00210018","ADA, MN US","1958-10","383","0","0","25","0","0.0","0.71","78","758","1.17","0.0","49.2","61.3","37.0"
"USC00210018","ADA, MN US","1958-11","383","13","3","-19","5","5.0","1.35","63","1824","3.12","8.0","29.5","38.8","20.1"
"USC00210018","ADA, MN US","1958-12","383","31","1","-16","5","1.0","0.09","39","3484","0.33","3.5","9.7","19.6","-0.1"
"USC00210018","ADA, MN US","1959-01","0","30","2","-24","4","3.0","0.20","34","5399","0.33","4.0","3.2","12.5","-6.1"
"USC00210018","ADA, MN US","1959-02","0","22","2","-28","4","1.5","0.16","38","6956","0.41","3.5","9.4","20.8","-2.1"
"USC00210018","ADA, MN US","1959-03","0","0","0","0","0","0.0","0.00","57","7969","0.00","0.0","31.3","41.7","20.8"
"USC00210018","ADA, MN US","1959-04","0","0","0","17","0","0.0","0.18","77","8593","0.70","0.0","44.2","58.5","29.9"
"USC00210018","ADA, MN US","1959-05","43","0","0","30","0","0.0","1.72","92","8917","4.11","0.0","56.0","68.8","43.1"
"USC00210018","ADA, MN US","1959-06","183","0","0","43","0","0.0","0.70","95","8945","3.52","0.0","68.5","81.5","55.6"
"USC00210018","ADA, MN US","1959-07","415","0","0","47","0","0.0","1.64","95","10","3.33","0.0","72.6","85.7","59.5"
"USC00210018","ADA, MN US","1959-08","663","0","0","49","0","0.0","1.53","98","17","4.21","0.0","72.8","86.0","59.5"
"USC00210018","ADA, MN US","1959-09","713","0","0","28","0","0.0","0.26","96","230","0.98","0.0","59.6","72.4","46.8"
"USC00210018","ADA, MN US","1959-10","713","0","1","22","0","1.0","0.57","74","963","1.74","1.0","41.4","50.5","32.2"
"USC00210018","ADA, MN US","1959-11","713","10","3","-9","5","4.0","0.40","47","2304","0.85","6.0","20.3","28.7","11.9"
"USC00210018","ADA, MN US","1959-12","713","4","1","4","3","1.0","0.52","43","3544","1.10","1.0","25.0","33.4","16.5"
"USC00210018","ADA, MN US","1960-01","0","31","4","-23","8","3.0","0.27","39","5280","0.85","9.5","9.0","18.7","-0.7"
"USC00210018","ADA, MN US","1960-02","0","29","0","-16","6","0.0","0.20","39","6736","0.34","0.0","13.0","23.4","2.7"
"USC00210018","ADA, MN US","1960-03","0","25","0","-16","3","0.5","0.09","48","8195","0.32","0.5","17.9","28.3","7.6"
"USC00210018","ADA, MN US","1960-04","0","3","3","12","3","4.0","0.70","72","8884","2.57","7.0","42.0","52.6","31.5"
"USC00210018","ADA, MN US","1960-05","19","0","0","25","0","0.0","0.69","89","9152","2.02","0.0","57.0","72.2","41.7"
"USC00210018","ADA, MN US","1960-06","65","0","0","39","0","0.0","1.00","88","9229","3.66","0.0","63.9","76.9","51.0"
"USC00210018","ADA, MN US","1960-07","286","0","0","43","0","0.0","2.01","95","24","3.25","0.0","71.3","86.3","56.4"
"USC00210018","ADA, MN US","1960-08","499","0","0","42","0","0.0","2.35","93","31","6.56","0.0","71.6","84.3","58.9"
"USC00210018","ADA, MN US","1960-09","583","0","0","30","0","0.0","1.00","96","238","2.12","0.0","60.9","73.9","47.9"
"USC00210018","ADA, MN US","1960-10","585","0","0","20","0","0.0","0.93","82","772","1.49","0.0","47.8","61.0","34.6"
"USC00210018","ADA, MN US","1960-11","585","3","2","-10","12","10.0","1.22","54","1764","1.57","12.0","30.8","40.6","21.0"
"USC00210018","ADA, MN US","1960-12","585","31","1","-29","13","4.0","0.84","35","3368","1.02","4.5","9.9","20.7","-0.9"
"USC00210018","ADA, MN US","1961-01","0","31","1","-29","8","1.0","0.10","38","5169","0.21","1.5","6.9","18.3","-4.5"
"USC00210018","ADA, MN US","1961-02","0","13","1","-18","6","1.0","0.13","48","6453","0.26","1.5","19.1","29.0","9.2"
"USC00210018","ADA, MN US","1961-03","0","0","0","14","0","0.0","0.34","65","7356","0.48","0.0","34.8","44.5","25.1"
"USC00210018","ADA, MN US","1961-04","0","2","2","8","1","1.0","0.60","70","8190","1.89","2.5","37.2","48.9","25.5"
"USC00210018","ADA, MN US","1961-05","9","0","0","17","0","0.0","0.74","90","8570","1.97","0.0","53.0","69.0","37.1"
"USC00210018","ADA, MN US","1961-06","133","0","0","34","0","0.0","0.26","96","8616","0.78","0.0","67.7","84.5","50.8"
"USC00210018","ADA, MN US","1961-07","268","0","0","45","0","0.0","0.80","93","9","2.78","0.0","69.4","83.1","55.8"
"USC00210018","ADA, MN US","1961-08","524","0","0","43","0","0.0","0.42","99","18","0.75","0.0","72.9","89.2","56.7"
"USC00210018","ADA, MN US","1961-09","564","0","0","26","0","0.0","1.85","91","274","4.01","0.0","57.8","69.0","46.5"
"USC00210018","ADA, MN US","1961-10","565","0","0","24","0","0.0","0.92","85","777","1.30","0.0","48.1","59.9","36.4"
"USC00210018","ADA, MN US","1961-11","565","2","0","2","1","0.5","0.04","58","1701","0.14","0.5","29.9","39.5","20.3"
"USC00210018","ADA, MN US","1961-12","565","23","4","-21","10","5.0","0.49","39","3381","1.31","11.5","9.2","19.1","-0.6"
"USC00210018","ADA, MN US","1962-01","0","31","9","-31","19","3.0","0.32","40","5241","1.70","15.4","2.9","14.0","-8.2"
"USC00210018","ADA, MN US","1962-02","0","28","3","-33","17","1.0","0.45","40","6894","1.49","3.0","6.0","16.9","-4.9"
"USC00210018","ADA, MN US","1962-03","0","31","5","-26","17","3.0","0.30","45","8174","0.72","7.4","23.7","31.6","15.8"
"USC00210018","ADA, MN US","1962-04","2",,"0","15",,"0.0","0.69","83","8928","1.39","0.0","40.0","51.7","28.2"
"USC00210018","ADA, MN US","1962-05","2","0","0","27","0","0.0","1.75","83","9226","7.75","0.0","55.4","66.4","44.5"
"USC00210018","ADA, MN US","1962-06","101","0","0","40","0","0.0","1.70","88","9293","3.35","0.0","66.0","76.7","55.3"
"USC00210018","ADA, MN US","1962-07","208","0","0","46","0","0.0","2.77","85","5","8.49","0.0","68.3","80.3","56.3"
"USC00210018","ADA, MN US","1962-08","388","0","0","49","0","0.0","1.86","93","14","3.52","0.0","70.5","84.3","56.7"
"USC00210018","ADA, MN US","1962-09","397","0","0","30","0","0.0","1.53","85","252","2.65","0.0","57.1","69.9","44.3"
"USC00210018","ADA, MN US","1962-10","404","0","0","19","0","0.0","0.20","83","719","0.59","0.0","50.2","62.9","37.4"
"USC00210018","ADA, MN US","1962-11","404","0","0","16","0","0.0","0.09","55","1610","0.40","0.0","34.2","42.1","26.3"
"USC00210018","ADA, MN US","1962-12","404",,,"-17",,,"0.46","56","3057","0.53",,"16.6","27.5","5.7"
"USC00210018","ADA, MN US","1963-01","0",,,"-28",,,"0.02","39","4918","0.03",,"0.9","9.2","-7.4"
"USC00210018","ADA, MN US","1963-02","0",,,"-24",,,"0.29","42","6352","0.42",,"12.1","22.2","1.9"
"USC00210018","ADA, MN US","1963-06",,"0","0",,"0","0.0",,,,,"0.0",,,
"USC00210018","ADA, MN US","1963-07",,"0","0","47","0","0.0","0.60","98","2","1.64","0.0","72.5","86.0","59.0"
"USC00210018","ADA, MN US","1963-08",,"0","0","42","0","0.0","0.86","94","11","3.79","0.0","69.5","83.5","55.5"
"USC00210018","ADA, MN US","1963-09",,"0","0","45","0","0.0","0.32","83","59","0.47","0.0","64.5","77.6","51.4"
"USC00210018","ADA, MN US","1963-11",,"3",,,"2",,,,,,,,,
"USC00210018","ADA, MN US","1963-12",,"25","3","-30","5","3.0","0.25","42",,"0.44","5.0","7.4","16.5","-1.8"
"USC00210018","ADA, MN US","1964-01","0",,"3","-22",,"5.0","0.30","43",,"0.46","10.0","15.0","25.2","4.7"
"USC00210018","ADA, MN US","1964-02","0",,,"-20",,,"0.10","45",,"0.26",,"18.1","29.8","6.4"
"USC00210018","ADA, MN US","1964-03","0","13","4","-15","14","6.0","0.55","53",,"1.50","14.0","20.7","34.1","7.4"
"USC00210018","ADA, MN US","1964-04","0",,,"12",,,"2.41","76",,"5.63",,"44.9","57.0","32.7"
"USC00210018","ADA, MN US","1964-05","51",,,"31",,,"0.49","97",,"1.26",,"59.8","74.4","45.3"
"USC00210018","ADA, MN US","1964-06","134",,,"31",,,"3.31","92",,"7.82",,"64.1","76.5","51.6"
"USC00210018","ADA, MN US","1964-07","367",,,"48",,,"0.69","95","3","3.02",,"72.4","84.7","60.1"
"USC00210018","ADA, MN US","1964-08","464","0","0","33","0","0.0","1.68","95","81","3.62","0.0","65.6","78.0","53.2"
"USC00210018","ADA, MN US","1964-09","498","0","0","28","0","0.0","0.65","90","384","2.52","0.0","56.0","68.4","43.6"
"USC00210018","ADA, MN US","1964-11",,"1","1","-24","4","4.0","1.06","64",,"1.92","4.0","30.7","40.2","21.2"
"USC00210018","ADA, MN US","1964-12",,,"5","-28",,"5.0","0.49","33",,"1.41","15.0","4.5","13.6","-4.7"
"USC00210018","ADA, MN US","1965-01","0","31","2","-35","21","1.0","0.13","32",,"0.24","2.0","-0.8","10.8","-12.4"
"USC00210018","ADA, MN US","1965-02","0",,"1","-28",,"1.5","0.13","40",,"0.13","1.5","7.8","20.5","-4.9"
"USC00210018","ADA, MN US","1965-03","0",,,"-14",,,"0.30","42",,"0.91",,"15.7","27.2","4.1"
"USC00210018","ADA, MN US","1965-04","0",,,"27",,,"1.33","82",,"3.52",,"42.2","51.8","32.6"
"USC00210018","ADA, MN US","1965-05","2",,,"30",,,"1.03","85",,"4.64",,"55.7","69.4","41.9"
"USC00210018","ADA, MN US","1965-06","27","0","0","42","0","0.0","1.16","85",,"4.98","0.0","63.6","76.0","51.1"
"USC00210018","ADA, MN US","1965-07","139","0","0","42","0","0.0","0.86","91","18","3.33","0.0","68.0","79.8","56.3"
"USC00210018","ADA, MN US","1965-08","241","0","0","35","0","0.0","0.79","100","77","2.47","0.0","66.4","79.9","53.0"
"USC00210018","ADA, MN US","1965-09","241","0","0","20","0","0.0","0.99","76","541","4.38","0.0","49.5","58.7","40.4"
"USC00210018","ADA, MN US","1965-10","241","0","0","26","0","0.0","0.66","72","1064","1.63","0.0","47.7","59.9","35.5"
"USC00210018","ADA, MN US","1965-11","241",,,"3",,,"0.58","62","2084","1.67",,"28.8","37.3","20.3"
"USC00210018","ADA, MN US","1965-12","241",,,"-10",,,"0.49","45","3233","1.10",,"21.5","29.9","13.2"
"USC00210018","ADA, MN US","1966-01","0","31","2","-36","13","3.0","0.28","22","5224","0.43","4.0","-6.3","4.1","-16.6"
"USC00210018","ADA, MN US","1966-02","0","28","2","-33","13","3.0","0.53","41","6878","0.64","4.0","5.9","16.9","-5.0"
"USC00210018","ADA, MN US","1966-03","0","27","4","-20","35","12.0","1.19","58","7965","2.95","26.0","29.9","39.4","20.4"
"USC00210018","ADA, MN US","1966-04","0","4","2","15","4","4.0","0.62","68","8683","1.99","7.0","38.5","47.8","29.1"
"USC00210018","ADA, MN US","1966-05","14","0","0","21","0","0.0","0.54","89","9081","1.28","0.0","52.6","66.1","39.1"
"USC00210018","ADA, MN US","1966-06","135","0","0","35","0","0.0","1.01","96","9166","3.65","0.0","66.3","78.3","54.4"
"USC00210018","ADA, MN US","1966-07","382","0","0","52","0","0.0","1.35","91","1","3.15","0.0","72.9","85.0","60.9"
"USC00210018","ADA, MN US","1966-08","493","0","0","42","0","0.0","1.19","90","76","4.19","0.0","66.2","78.2","54.2"
"USC00210018","ADA, MN US","1966-09","531","0","0","30","0","0.0","0.76","87","283","1.04","0.0","59.0","72.4","45.6"
"USC00210018","ADA, MN US","1966-10","531","0","0","15","0","0.0","0.41","82","868","0.80","0.0","46.1","58.7","33.5"
"USC00210018","ADA, MN US","1966-11","531","15",,"-2","3",,"0.10","46","2051","0.25",,"24.2","33.5","14.8"
"USC00210018","ADA, MN US","1966-12","531","26",,"-21","9",,"0.42","41","3640","1.05",,"12.0","22.2","1.8"
"USC00210018","ADA, MN US","1967-01","0","31","8","-28","28","6.0","0.48","38","5386","2.04","24.0","8.7","20.7","-3.4"
"USC00210018","ADA, MN US","1967-02","0","27","3","-31","28","2.0","0.15","44","7126","0.35","4.0","2.9","17.6","-11.9"
"USC00210018","ADA, MN US","1967-03","1","26","3","-15","13","5.0","0.55","78","8251","0.73","7.0","27.2","39.8","14.6"
"USC00210018","ADA, MN US","1967-04","1",,,"11",,,"1.11","63","9020","3.83",,"39.4","50.0","28.7"
"USC00210018","ADA, MN US","1967-05","15","0","0","12","0","0.0","0.34","89","9471","0.86","0.0","50.4","64.4","36.3"
"USC00210018","ADA, MN US","1967-06","44","0","0","35","0","0.0","1.38","89","9578","3.74","0.0","62.4","75.4","49.4"
"USC00210018","ADA, MN US","1967-07",,"0","0",,"0","0.0","1.62",,,"2.06","0.0",,,
"USC00210018","ADA, MN US","1967-08",,"0","0","36","0","0.0","0.21","93",,"0.33","0.0","65.5","81.0","50.0"
"USC00210018","ADA, MN US","1967-09",,"0","0","23","0","0.0","0.38","86",,"0.85","0.0","60.0","74.2","45.7"
"USC00210018","ADA, MN US","1967-10",,"0","0","17","0","0.0","0.66","83",,"1.41","0.0","43.9","55.7","32.1"
"USC00210018","ADA, MN US","1967-11",,"0","0","-5","0","0.0","0.10","60",,"0.20","0.0","28.4","38.9","17.9"
"USC00210018","ADA, MN US","1967-12",,"21","5","-37","17","5.0","0.53","50",,"1.60","17.0","13.6","23.6","3.5"
"USC00210018","ADA, MN US","1968-01","0","31","2","-40","20","3.0","0.29","41",,"0.40","4.0","5.8","16.8","-5.3"
"USC00210018","ADA, MN US","1968-02","0","29","1","-24","4","1.0","0.09","36",,"0.15","1.0","7.6","19.9","-4.7"
"USC00210018","ADA, MN US","1968-03","0","6","0","-6","4","0.0","1.02","69",,"1.46","0.0","32.6","46.8","18.5"
"USC00210018","ADA, MN US","1968-04",,"8","4",,"5","4.0","0.66","83",,"2.97","11.0",,"57.0",
"USC00210018","ADA, MN US","1968-05",,"0","0","24","0","0.0","0.66","84",,"2.46","0.0","52.4","65.2","39.6"
"USC00210018","ADA, MN US","1968-06",,"0","0","37","0","0.0","1.08","93",,"5.80","0.0","63.8","75.0","52.6"
"USC00210018","ADA, MN US","1968-07",,"0","0",,"0","0.0","2.24",,,"2.99","0.0",,,
"USC00210018","ADA, MN US","1968-08",,"0","0","33","0","0.0","0.66","95",,"2.63","0.0","66.4","80.1","52.7"
"USC00210018","ADA, MN US","1968-09",,"0","0","33","0","0.0","0.68","87",,"2.50","0.0","58.5","70.7","46.2"
"USC00210018","ADA, MN US","1968-10",,"1","1","21","2","2.0","0.71","78",,"1.58","2.0","46.4","57.6","35.2"
"USC00210018","ADA, MN US","1968-11",,,,"8",,,"0.00","53",,"0.00",,"29.7","38.3","21.1"
"USC00210018","ADA, MN US","1968-12",,"31","6","-27","18","7.0","0.67","39",,"1.64","17.5","9.9","18.4","1.3"
"USC00210018","ADA, MN US","1969-01","0","31","12","-30","24","3.0","0.33","32",,"2.21","23.4","-0.1","8.9","-9.2"
"USC00210018","ADA, MN US","1969-02","0","28","6","-31","24","3.0","0.29","41",,"1.17","12.0","13.5","23.1","3.8"
"USC00210018","ADA, MN US","1969-03",,"27","2",,"14","4.0","0.38",,,"0.49","5.0",,,
"USC00210018","ADA, MN US","1969-04",,"9","0","8","8","0.0","0.78","72",,"1.65","0.0","45.7","58.2","33.1"
"USC00210018","ADA, MN US","1969-05",,"0","0","26","0","0.0","1.35","94",,"3.80","0.0","55.8","70.6","40.9"
"USC00210018","ADA, MN US","1969-06",,"0","0","33","0","0.0","1.30","77",,"3.51","0.0","56.9","68.6","45.1"
"USC00210018","ADA, MN US","1969-07",,"0","0",,"0","0.0","3.21",,,"6.39","0.0",,,
"USC00210018","ADA, MN US","1969-08",,"0","0","46","0","0.0","1.55","95",,"2.67","0.0","73.3","86.3","60.4"
"USC00210018","ADA, MN US","1969-09",,"0","0","33","0","0.0","1.85","88",,"3.51","0.0","60.3","72.1","48.5"
"USC00210018","ADA, MN US","1969-10",,"5","1","14","4","4.0","0.76","71",,"1.80","4.0","41.0","49.1","32.9"
"USC00210018","ADA, MN US","1969-11",,"9","1","1","2","2.0","0.21","65",,"0.21","2.0","31.0","40.0","22.0"
"USC00210018","ADA, MN US","1969-12",,"27","5","-13","8","2.5","0.23","50",,"0.69","7.5","16.8","25.2","8.4"
"USC00210018","ADA, MN US","1970-01",,"27","2",,"10","1.0","0.12",,,"0.21","2.5",,,
"USC00210018","ADA, MN US","1970-02",,"24","3",,"12","1.5","0.14",,,"0.36","4.0",,,
"USC00210018","ADA, MN US","1970-03",,"31","5","-14","7","1.0","1.24","46",,"1.71","4.9","18.7","29.7","7.6"
"USC00210018","ADA, MN US","1970-04",,"10","4","11","11","9.0","1.61","74",,"2.85","12.5","41.4","51.3","31.4"
"USC00210018","ADA, MN US","1970-05",,"0","0","27","0","0.0","0.77","88",,"3.61","0.0","53.3","65.0","41.6"
"USC00210018","ADA, MN US","1970-06",,"0","0","41","0","0.0","2.99","95",,"6.74","0.0","69.5","81.0","57.9"
"USC00210018","ADA, MN US","1970-07",,"0","0","45","0","0.0","0.51","96","10","0.88","0.0","72.1","85.1","59.1"
"USC00210018","ADA, MN US","1970-08",,"0","0","42","0","0.0","0.37","96","33","0.94","0.0","69.6","83.7","55.6"
"USC00210018","ADA, MN US","1970-09",,"0","0","29","0","0.0","1.89","93","261","3.85","0.0","60.8","72.9","48.7"
"USC00210018","ADA, MN US","1970-10",,"0","1","21","0","3.5","0.76","83","835","3.17","3.5","46.5","57.0","36.1"
"USC00210018","ADA, MN US","1970-11",,"10",,"-8","6",,"0.40","52","1954","1.00",,"27.7","35.0","20.4"
"USC00210018","ADA, MN US","1970-12",,"31","4","-25","12","4.0","0.37","39","3607","0.98","10.0","9.7","19.3","0.1"
"USC00210018","ADA, MN US","1971-01",,"31","5",,"16","5.0","0.51",,,"1.23","12.0",,,
"USC00210018","ADA, MN US","1971-02",,"28","1","-32","18","2.0","0.26","43",,"0.26","2.0","11.5","22.5","0.5"
"USC00210018","ADA, MN US","1971-03",,"22","5",,"9","2.0","0.23",,,"0.75","5.9",,,
"USC00210018","ADA, MN US","1971-04",,"2","1","12","1","1.0","0.41","74",,"0.85","1.0","45.8","58.0","33.7"
"USC00210018","ADA, MN US","1971-05",,"0","0","30","0","0.0","1.20","87",,"2.87","0.0","56.3","69.8","42.9"
"USC00210018","ADA, MN US","1971-06",,"0","0","46","0","0.0","0.72","89",,"4.54","0.0","67.9","78.5","57.3"
"USC00210018","ADA, MN US","1971-07",,"0","0",,"0","0.0","1.60",,,"3.45","0.0",,,
"USC00210018","ADA, MN US","1971-08",,"0","0","41","0","0.0","0.49","95",,"1.73","0.0","68.8","82.5","55.2"
"USC00210018","ADA, MN US","1971-09",,"0","0","30","0","0.0","2.40","93",,"3.80","0.0","60.0","72.6","47.5"
"USC00210018","ADA, MN US","1971-10",,"1","1","22","3","2.5","2.65","71",,"7.49","2.5","48.4","57.8","39.0"
"USC00210018","ADA, MN US","1971-11",,"3","1","4","1","1.0","0.46","56",,"0.66","1.0","29.1","36.4","21.8"
"USC00210018","ADA, MN US","1971-12",,"25","4","-20","4","2.0","0.16","36",,"0.51","5.5","12.1","22.2","2.0"
"USC00210018","ADA, MN US","1972-01","0","31","2","-34","9","6.0","0.61","36",,"0.92","9.0","1.0","11.6","-9.5"
"USC00210018","ADA, MN US","1972-02",,"29","4",,"11","2.0","0.21",,,"0.71","6.0",,,
"USC00210018","ADA, MN US","1972-03",,"21","4","-21","17","6.0","0.58","53",,"0.96","10.0","24.4","34.7","14.1"
"USC00210018","ADA, MN US","1972-04",,,,"12",,,"1.49","72",,"2.13",,"40.8","51.1","30.4"
"USC00210018","ADA, MN US","1972-05",,"0","0","28","0","0.0","1.55","91",,"3.13","0.0","60.2","72.3","48.1"
"USC00210018","ADA, MN US","1972-06",,"0","0","38","0","0.0","0.30","89",,"0.66","0.0","65.4","78.4","52.3"
"USC00210018","ADA, MN US","1972-07",,"0","0","40","0","0.0","1.92","90","48","4.93","0.0","66.1","77.6","54.7"
"USC00210018","ADA, MN US","1972-08",,"0","0","41","0","0.0","1.44","93","99","3.85","0.0","69.0","81.4","56.6"
"USC00210018","ADA, MN US","1972-09",,"0","0","30","0","0.0","1.28","82","362","2.02","0.0","56.5","68.5","44.4"
"USC00210018","ADA, MN US","1972-10",,"1","1","10","6","6.0","2.04","75","1034","2.85","6.0","43.3","54.0","32.6"
"USC00210018","ADA, MN US","1972-11",,,,,,,"0.51",,,"0.51",,,,
"USC00210018","ADA, MN US","1972-12",,"31","3","-26","16","12.0","1.17","35",,"1.38","14.0","4.9","13.7","-3.9"
"USC00210018","ADA, MN US","1973-01","0","31","1","-33","16","2.0","0.16","41",,"0.21","2.5","11.7","21.1","2.2"
"USC00210018","ADA, MN US","1973-02",,"25","1","-20","5","3.0","0.28","38",,"0.28","3.0","16.5","25.8","7.2"
"USC00210018","ADA, MN US","1973-03",,"4","0","20","2","0.0","0.80","61",,"1.22","0.0","38.4","46.7","30.1"
"USC00210018","ADA, MN US","1973-04",,"0","0","14","0","0.0","0.52","80",,"0.71","0.0","43.3","56.8","29.7"
"USC00210018","ADA, MN US","1973-05",,"0","0","26","0","0.0","0.65","84",,"1.74","0.0","56.3","70.3","42.2"
"USC00210018","ADA, MN US","1973-06",,"0","0","41","0","0.0","0.72","93",,"2.41","0.0","66.3","79.2","53.4"
"USC00210018","ADA, MN US","1973-07",,"0","0","46","0","0.0","0.44","94","12","1.97","0.0","69.2","81.7","56.6"
"USC00210018","ADA, MN US","1973-08",,"0","0","47","0","0.0","0.92","94","16","3.28","0.0","72.2","85.4","59.0"
"USC00210018","ADA, MN US","1973-09",,"0","0","28","0","0.0","2.98","78","250","8.06","0.0","57.7","70.3","45.1"
"USC00210018","ADA, MN US","1973-10",,"0","0",,"0","0.0","0.65",,,"1.22","0.0",,,
"USC00210018","ADA, MN US","1973-11",,"17",,"0","7",,"0.44","59",,"1.36",,"26.2","34.8","17.6"
"USC00210018","ADA, MN US","1973-12",,,"6","-31",,"2.0","0.23","37",,"1.02","10.0","10.9","18.8","3.0"
"USC00210018","ADA, MN US","1974-01","0","31","5","-33","8","2.0","0.18","34",,"0.75","7.0","1.1","11.8","-9.5"
"USC00210018","ADA, MN US","1974-02",,"28","2",,"9","2.0","0.21",,,"0.39","3.0",,,
"USC00210018","ADA, MN US","1974-03",,"31",,"-20","5",,"0.19","47",,"0.63",,"22.6","31.5","13.7"
"USC00210018","ADA, MN US","1974-04",,"9","1","11","7","6.0","1.47","82",,"4.76","6.0","42.5","53.6","31.4"
"USC00210018","ADA, MN US","1974-05",,"0","0","28","0","0.0","0.93","80",,"4.03","0.0","52.5","63.6","41.3"
"USC00210018","ADA, MN US","1974-06",,"0","0","40","0","0.0","1.23","90",,"2.36","0.0","65.7","80.2","51.2"
"USC00210018","ADA, MN US","1974-07",,"0","0","46","0","0.0","1.12","98","2","2.37","0.0","74.7","88.1","61.3"
"USC00210018","ADA, MN US","1974-08",,"0","0","38","0","0.0","0.91","93","66","7.15","0.0","66.4","79.4","53.4"
"USC00210018","ADA, MN US","1974-09",,"0","0","20","0","0.0","0.04","91","348","0.04","0.0","55.9","70.2","41.5"
"USC00210018","ADA, MN US","1974-10",,"0","0",,"0","0.0","0.79",,,"2.37","0.0",,,
"USC00210018","ADA, MN US","1974-11",,,,"6",,,"1.58","60",,"1.77",,"30.9","39.9","21.9"
"USC00210018","ADA, MN US","1974-12",,"20","3","-3","5","3.0","0.33","45",,"0.59","6.0","21.3","30.8","11.9"
"USC00210018","ADA, MN US","1975-01","0","31",,"-22","13",,"0.19","36",,"0.85",,"9.8","20.6","-0.9"
"USC00210018","ADA, MN US","1975-02","0","28",,"-20","11",,"0.13","37",,"0.22",,"10.5","21.0","-0.1"
"USC00210018","ADA, MN US","1975-03","0","31",,"-15","9",,"0.63","50",,"1.55",,"18.8","28.7","8.9"
"USC00210018","ADA, MN US","1975-04","0","5","0","-4","5","0.0","1.02","63",,"4.24","0.0","36.6","45.2","28.0"
"USC00210018","ADA, MN US","1975-05","18","0","0","30","0","0.0","0.44","83",,"1.87","0.0","58.2","72.7","43.8"
"USC00210018","ADA, MN US","1975-06","106","0","0","38","0","0.0","2.07","88",,"8.17","0.0","65.0","77.1","52.9"
"USC00210018","ADA, MN US","1975-07","415","0","0","45","0","0.0","1.21","101","12","2.45","0.0","74.6","87.0","62.1"
"USC00210018","ADA, MN US","1975-08",,"0","0",,"0","0.0","0.53",,,"0.98","0.0",,,
"USC00210018","ADA, MN US","1975-09",,"0","0","33","0","0.0","0.95","81",,"2.03","0.0","56.6","69.2","44.1"
"USC00210018","ADA, MN US","1975-10",,"0","0","22","0","0.0","0.55","88",,"2.09","0.0","50.6","61.8","39.5"
"USC00210018","ADA, MN US","1975-11",,"5","1","-1","2","2.0","0.29","73",,"0.57","2.0","31.7","40.5","22.9"
"USC00210018","ADA, MN US","1975-12",,"19","3","-22","4","2.0","0.22","51",,"0.36","4.0","15.0","24.5","5.5"
"USC00210018","ADA, MN US","1976-01","0",,,"-28",,,"0.31","40",,"1.24",,"8.0","19.3","-3.4"
"USC00210018","ADA, MN US","1976-02","0","29",,"-16","15",,"0.54","52",,"0.72",,"22.7","32.9","12.6"
"USC00210018","ADA, MN US","1976-03",,"23",,"-18","13",,,"58",,,,"25.2","36.7","13.6"
"USC00210018","ADA, MN US","1976-04",,,,"25",,,"0.55","78",,"2.08",,"48.2","61.4","35.1"
"USC00210018","ADA, MN US","1976-05",,"0","0","20","0","0.0","0.42","87",,"0.92","0.0","57.2","73.5","40.9"
"USC00210018","ADA, MN US","1976-06",,"0","0","40","0","0.0","0.72","95",,"4.92","0.0","68.3","81.3","55.3"
"USC00210018","ADA, MN US","1976-07",,"0","0","46","0","0.0","0.56","99","6","1.09","0.0","71.7","87.4","56.0"
"USC00210018","ADA, MN US","1976-08",,"0","0","40","0","0.0","0.78","104","18","1.32","0.0","73.2","88.4","58.0"
"USC00210018","ADA, MN US","1976-09",,"0","0","26","0","0.0","0.49","98","215","0.88","0.0","61.3","77.6","45.0"
"USC00210018","ADA, MN US","1976-10",,"0","0",,"0","0.0","0.24",,,"0.35","0.0",,,
"USC00210018","ADA, MN US","1976-11",,"0","0","-12","0","0.0","0.11","60",,"0.17","0.0","24.3","34.9","13.7"
"USC00210018","ADA, MN US","1976-12",,"31",,"-31","5",,"0.33","43",,"0.51",,"6.2","17.1","-4.7"
"USC00210018","ADA, MN US","1977-01","0","31",,"-42","11",,"0.21","31",,"0.87",,"-3.3","6.0","-12.6"
"USC00210018","ADA, MN US","1977-02","0","28",,"-23","14",,"0.44","45",,"1.14",,"16.6","26.1","7.2"
"USC00210018","ADA, MN US","1977-03","0","11",,"-7","13",,"0.47","60",,"1.39",,"32.4","42.8","21.9"
"USC00210018","ADA, MN US","1977-04","0","0",,"16","0",,"0.59","84",,"1.35",,"50.5","65.3","35.7"
"USC00210018","ADA, MN US","1977-05","126","0","0","30","0","0.0","1.32","91",,"3.94","0.0","67.4","81.2","53.5"
"USC00210018","ADA, MN US","1977-06","208","0","0","38","0","0.0","0.66","91",,"2.86","0.0","66.9","79.9","53.9"
"USC00210018","ADA, MN US","1977-07",,"0","0",,"0","0.0","0.54","97",,"2.67","0.0",,"85.4",
"USC00210018","ADA, MN US","1977-08",,"0","0","41","0","0.0","1.65","86",,"4.76","0.0","63.3","76.4","50.3"
"USC00210018","ADA, MN US","1977-09",,"0","0","37","0","0.0","1.92","81",,"5.54","0.0","58.6","68.2","48.9"
"USC00210018","ADA, MN US","1977-10",,"0","0","24","0","0.0","1.04","73",,"2.02","0.0","47.4","58.9","35.8"
"USC00210018","ADA, MN US","1977-11",,"23",,"-19","33",,"1.29","60",,"4.87",,"25.4","33.9","16.9"
"USC00210018","ADA, MN US","1977-12",,"29",,,"26",,,,,,,,,
"USC00210018","ADA, MN US","1978-01","0","29","1","-28","18","1.0","0.07","30",,"0.07","1.0","-2.4","6.7","-11.6"
"USC00210018","ADA, MN US","1978-02","0","28",,"-28","19",,"0.17","32",,"0.39",,"5.2","15.9","-5.5"
"USC00210018","ADA, MN US","1978-03","0","31",,"-20","16",,"0.21","54",,"0.34",,"23.8","34.1","13.5"
"USC00210018","ADA, MN US","1978-04","0","1","0","20","2","0.0","0.35","74",,"0.76","0.0","42.7","54.3","31.2"
"USC00210018","ADA, MN US","1978-05","53","0","0","32","0","0.0","0.68","89",,"2.07","0.0","60.8","75.2","46.3"
"USC00210018","ADA, MN US","1978-06","136","0","0","37","0","0.0","1.30","90",,"2.77","0.0","65.3","79.7","50.8"
"USC00210018","ADA, MN US","1978-07",,"0","0",,"0","0.0","0.78",,,"2.86","0.0",,,
"USC00210018","ADA, MN US","1978-08",,"0","0","42","0","0.0","1.92","98",,"4.40","0.0","70.7","85.2","56.3"
"USC00210018","ADA, MN US","1978-09",,"0","0","32","0","0.0","0.59","100",,"1.45","0.0","64.0","77.4","50.6"
"USC00210018","ADA, MN US","1978-10",,"0","0","20","0","0.0","0.16","80",,"0.16","0.0","47.8","60.7","34.8"
"USC00210018","ADA, MN US","1978-11",,"21",,"-18","7",,"0.31","70",,"0.86",,"22.6","33.8","11.3"
"USC00210018","ADA, MN US","1978-12",,"31",,"-25","11",,"0.37","35",,"0.58",,"6.2","16.0","-3.6"
"USC00210018","ADA, MN US","1979-01","0","31","6","-35","19","4.0","0.39","20",,"1.10","12.0","-6.2","3.1","-15.4"
"USC00210018","ADA, MN US","1979-02","0","28",,"-33","27",,"0.47","28",,"0.91",,"0.0","8.8","-8.9"
"USC00210018","ADA, MN US","1979-03",,"31",,,"27",,"0.47","40",,"1.30",,,"31.2",
"USC00210018","ADA, MN US","1979-04",,"19",,"-8","13",,"1.35","64",,"3.23",,"35.4","44.5","26.4"
"USC00210018","ADA, MN US","1979-05",,"0","0","25","0","0.0","2.33","85",,"3.45","0.0","49.9","61.8","38.0"
"USC00210018","ADA, MN US","1979-06",,"0","0","43","0","0.0","1.99","95",,"4.98","0.0","64.7","77.1","52.4"
"USC00210018","ADA, MN US","1979-07",,"0","0","48","0","0.0","0.74",,,"2.90","0.0",,,"58.7"
"USC00210018","ADA, MN US","1979-08",,"0","0","38","0","0.0","0.56","92",,"1.93","0.0","66.3","79.4","53.3"
"USC00210018","ADA, MN US","1979-09",,"0","0","31","0","0.0","0.22","96",,"0.44","0.0","61.4","76.7","46.1"
"USC00210018","ADA, MN US","1979-10",,"0","0","16","0","0.0","1.23","73",,"1.86","0.0","44.1","56.0","32.3"
"USC00210018","ADA, MN US","1979-11",,"20",,"-3","5",,"0.41","50",,"0.89",,"26.0","33.6","18.4"
"USC00210018","ADA, MN US","1979-12",,"15","3","-16","3","2.0","0.17","46",,"0.37","4.0","21.6","30.6","12.6"
"USC00210018","ADA, MN US","1980-01","0","27",,"-27","10",,"0.65","40",,"1.25",,"6.5","16.0","-3.0"
"USC00210018","ADA, MN US","1980-02","0","29",,"-30","9",,"0.21","34",,"0.76",,"9.6","19.4","-0.2"
"USC00210018","ADA, MN US","1980-03","0","28",,"-30","8",,"0.27","53",,"0.74",,"22.8","33.4","12.2"
"USC00210018","ADA, MN US","1980-04","26","0","0","20","0","0.0","0.00","100",,"0.00","0.0","50.3","66.8","33.7"
"USC00210018","ADA, MN US","1980-05","125","0","0","28","0","0.0","0.32","95",,"0.32","0.0","61.9","79.5","44.4"
"USC00210018","ADA, MN US","1980-06","211","0","0","41","0","0.0","0.75","92",,"2.88","0.0","66.1","80.0","52.2"
"USC00210018","ADA, MN US","1980-07",,"0","0",,"0","0.0","0.37",,,"1.17","0.0",,,
"USC00210018","ADA, MN US","1980-08",,"0","0",,"0","0.0","1.16",,,"5.01","0.0",,,
"USC00210018","ADA, MN US","1980-09",,"0","0","28","0","0.0","0.50","92",,"1.33","0.0","56.2","67.9","44.5"
"USC00210018","ADA, MN US","1980-10",,"0","0","14","0","0.0","0.55","85",,"1.39","0.0","43.9","54.6","33.2"
"USC00210018","ADA, MN US","1980-11",,,,"8",,,"0.33","60",,"0.55",,"33.4","42.5","24.3"
"USC00210018","ADA, MN US","1980-12",,"31",,"-19","4",,"0.17","43",,"0.34",,"13.8","22.9","4.7"
"USC00210018","ADA, MN US","1981-01","0",,,"-21",,,"0.09","53",,"0.17",,"14.8","25.6","4.1"
"USC00210018","ADA, MN US","1981-02","0","13","3","-25","3","3.0","0.41","53",,"0.71","6.1","20.6","31.2","10.0"
"USC00210018","ADA, MN US","1981-03",,"0","0","2","0","0.0","0.43","68",,"0.70","0.0","33.5","47.4","19.7"
"USC00210018","ADA, MN US","1981-04",,"0","0","12","0","0.0","0.48","78",,"1.46","0.0","47.5","61.9","33.0"
"USC00210018","ADA, MN US","1981-05",,"0","0","23","0","0.0","4.51","86",,"6.22","0.0","57.8","71.5","44.2"
"USC00210018","ADA, MN US","1981-06",,"0","0","45","0","0.0","1.82","82",,"5.51","0.0","64.8","76.2","53.3"
"USC00210018","ADA, MN US","1981-07",,"0","0","47","0","0.0","2.45","92","9","5.92","0.0","71.8","83.9","59.7"
"USC00210018","ADA, MN US","1981-08",,"0","0","46","0","0.0","0.65","92","25","2.56","0.0","68.8","81.9","55.7"
"USC00210018","ADA, MN US","1981-09",,"0","0","30","0","0.0","1.63","90","274","2.73","0.0","57.5","70.9","44.1"
"USC00210018","ADA, MN US","1981-10",,"0","1","15","0","3.0","0.93","70","845","3.98","3.0","44.6","54.3","34.9"
"USC00210018","ADA, MN US","1981-11",,,"1","12",,"3.0","0.33","67","1656","0.49","3.0","37.0","46.0","28.0"
"USC00210018","ADA, MN US","1981-12",,"20","3","-18","9","4.0","0.31",,,"0.71","8.5",,,"4.2"
"USC00210018","ADA, MN US","1982-01","0","31","8","-31","32","10.0","0.66","36",,"1.89","26.0","-5.5","6.3","-17.2"
"USC00210018","ADA, MN US","1982-02","0","28","2","-33","27","1.5","0.17","44",,"0.29","2.5","10.9","20.2","1.6"
"USC00210018","ADA, MN US","1982-03","0","25",,"-13","8",,"0.43","47",,"1.22",,"25.4","33.2","17.5"
"USC00210018","ADA, MN US","1982-04","0",,"0","8",,"0.0","0.42","85",,"0.57","0.0","42.3","55.7","29.0"
"USC00210018","ADA, MN US","1982-05","21","0","0","21","0","0.0","0.65","85",,"2.60","0.0","59.3","71.5","47.2"
"USC00210018","ADA, MN US","1982-06","58","0","0","36","0","0.0","0.61","88",,"1.98","0.0","60.9","74.1","47.8"
"USC00210018","ADA, MN US","1982-07","239","0","0","52","0","0.0","2.20","94","4","5.06","0.0","71.0","84.1","57.9"
"USC00210018","ADA, MN US","1982-08","429","0","0","33","0","0.0","0.55","95","62","1.86","0.0","69.2","82.7","55.6"
"USC00210018","ADA, MN US","1982-09","473","0","0","30","0","0.0","0.55","90","248","1.32","0.0","59.9","74.1","45.7"
"USC00210018","ADA, MN US","1982-10","473","0","0","22","0","0.0","1.56","70","801","5.29","0.0","47.2","56.3","38.0"
"USC00210018","ADA, MN US","1982-11","473","11","0","-11","6","0.0","0.36","50","2037","0.57","0.0","23.8","32.7","15.0"
"USC00210018","ADA, MN US","1982-12","473","15",,"-8","6",,"1.36","55","3339","1.64",,"21.6","30.0","13.2"
"USC00210018","ADA, MN US","1983-01","0","31","3","-18","8","5.0","0.58","37","4763","0.88","8.0","16.1","25.2","7.0"
"USC00210018","ADA, MN US","1983-02","0","17","0","-18","4","0.0","0.41","48","5889","0.41","0.0","22.2","31.0","13.3"
"USC00210018","ADA, MN US","1983-03","0","6","0","8","3","0.0","0.63","50","6917","1.07","0.0","30.7","37.9","23.6"
"USC00210018","ADA, MN US","1983-04","0","0","0","20","0","0.0","0.27","75","7578","0.30","0.0","43.0","55.2","30.7"
"USC00210018","ADA, MN US","1983-05","10","0","0","23","0","0.0","0.55","85","7944","1.89","0.0","53.5","68.3","38.7"
"USC00210018","ADA, MN US","1983-06","136","0","0","40","0","0.0","1.63","93","7984","7.89","0.0","67.8","79.8","55.8"
"USC00210018","ADA, MN US","1983-07","456","0","0","40","0","0.0","1.55","98","13","3.52","0.0","74.9","87.3","62.5"
"USC00210018","ADA, MN US","1983-08",,"0","0",,"0","0.0",,,,,"0.0",,,
"USC00210018","ADA, MN US","1983-09",,"0","0","29","0","0.0","1.04","95",,"2.54","0.0","59.2","69.5","49.0"
"USC00210018","ADA, MN US","1983-10",,"0","0",,"0","0.0","0.76",,,"1.56","0.0",,,
"USC00210018","ADA, MN US","1983-11",,"19","0","6","7","0.0","0.36","62",,"0.85","0.0","31.8","37.3","26.3"
"USC00210018","ADA, MN US","1983-12",,"31",,,"11",,"0.38",,,"0.76",,,,
"USC00210018","ADA, MN US","1984-01","0","31",,"-32","16",,"0.29","41",,"0.84",,"9.9","18.2","1.6"
"USC00210018","ADA, MN US","1984-02","0","29","0","-3","15","0.0","0.33","45",,"0.88","0.0","26.4","32.4","20.5"
"USC00210018","ADA, MN US","1984-03","0","25",,"-12","5",,"0.19","55",,"0.64",,"25.2","33.4","17.1"
"USC00210018","ADA, MN US","1984-04","0","0","0","25","0","0.0","0.45","74",,"1.43","0.0","47.4","58.8","35.9"
"USC00210018","ADA, MN US","1984-05",,"0","0",,"0","0.0","0.43",,,"0.81","0.0",,,
"USC00210018","ADA, MN US","1984-06",,"0","0","44","0","0.0","2.98","87",,"6.35","0.0","66.2","76.6","55.9"
"USC00210018","ADA, MN US","1984-07",,"0","0","43","0","0.0","0.16","95","15","0.82","0.0","71.5","85.3","57.6"
"USC00210018","ADA, MN US","1984-08",,"0","0","48","0","0.0","0.55","102","17","1.25","0.0","75.8","90.2","61.5"
"USC00210018","ADA, MN US","1984-10",,,"0",,,"0.0","1.30",,,"5.10","0.0",,,
"USC00210018","ADA, MN US","1984-11",,"0","1","3","0","1.0","0.10","56",,"0.23","1.0","29.8","39.1","20.5"
"USC00210018","ADA, MN US","1984-12",,"15","2","-19","4","2.0","0.20","49",,"0.45","4.0","9.5","19.8","-0.9"
"USC00210018","ADA, MN US","1985-01","0",,"2","-30",,"2.5","0.25","37",,"0.61","5.6","6.4","18.2","-5.4"
"USC00210018","ADA, MN US","1985-02","0",,"3","-27",,"1.6","0.19","47",,"0.62","4.4","10.5","21.0","0.1"
"USC00210018","ADA, MN US","1985-03","0",,"4","0",,"4.0","0.51","58",,"1.71","11.0","33.3","42.5","24.1"
"USC00210018","ADA, MN US","1985-04","11","0","0","19","0","0.0","1.31","85",,"2.26","0.0","46.9","60.0","33.9"
"USC00210018","ADA, MN US","1985-05","40","0","0","34","0","0.0","2.71","91",,"9.19","0.0","60.8","74.5","47.2"
"USC00210018","ADA, MN US","1985-06","70","0","0","34","0","0.0","1.00","85",,"3.36","0.0","60.9","72.3","49.6"
"USC00210018","ADA, MN US","1985-07",,"0","0","45","0","0.0","0.73",,,"1.62","0.0",,,"55.5"
"USC00210018","ADA, MN US","1985-08",,"0","0","40","0","0.0","1.06","87",,"3.02","0.0","64.9","75.9","53.9"
"USC00210018","ADA, MN US","1985-09",,"0","0","23","0","0.0","0.47","79",,"1.10","0.0","55.5","65.2","45.7"
"USC00210018","ADA, MN US","1985-10",,"0","0","20","0","0.0","0.52","66",,"1.27","0.0","45.2","57.3","33.1"
"USC00210018","ADA, MN US","1985-11",,,"6","-28",,"6.0","0.37","57",,"1.31","20.9","16.6","26.8","6.5"
"USC00210018","ADA, MN US","1985-12",,,"4","-22",,"3.0","0.21","37",,"0.52","8.0","3.7","15.2","-7.7"
"USC00210018","ADA, MN US","1986-01","0",,"6","-29",,"4.0","0.38","43",,"0.84","10.5","12.4","22.4","2.4"
"USC00210018","ADA, MN US","1986-02","0",,"6","-24",,"4.5","0.26","36",,"0.77","12.0","9.1","18.6","-0.4"
"USC00210018","ADA, MN US","1986-03","0","0","0","-19","0","0.0","0.00","75",,"0.00","0.0","31.0","41.9","20.2"
"USC00210018","ADA, MN US","1986-04","0",,"0","19",,"0.0","1.62","76",,"6.01","0.0","45.4","56.2","34.7"
"USC00210018","ADA, MN US","1986-05","45","0","0","23","0","0.0","0.72","96",,"2.53","0.0","58.5","71.8","45.2"
"USC00210018","ADA, MN US","1986-06","156","0","0","40","0","0.0","1.97","92",,"4.55","0.0","67.2","79.5","54.9"
"USC00210018","ADA, MN US","1986-07","360","0","0","45","0","0.0","1.03","91","0","4.25","0.0","71.5","82.6","60.5"
"USC00210018","ADA, MN US","1986-08","441","0","0","34","0","0.0","0.64","89","61","1.76","0.0","65.7","78.4","53.0"
"USC00210018","ADA, MN US","1986-09","451","0","0","31","0","0.0","0.70","78","267","2.77","0.0","56.7","66.8","46.7"
"USC00210018","ADA, MN US","1986-10","451","0","0","19","0","0.0","0.11","73","852","0.19","0.0","46.1","57.3","34.9"
"USC00210018","ADA, MN US","1986-11","451",,"2","-10",,"4.0","0.52","57","2061","1.53","5.0","23.1","32.3","13.9"
"USC00210018","ADA, MN US","1986-12","451",,"5","-14",,"3.0","0.19","40","3354","0.61","9.5","20.4","30.0","10.8"
"USC00210018","ADA, MN US","1987-01","0",,"2","-23",,"4.0","0.29","45","4698","0.44","7.0","18.2","28.1","8.2"
"USC00210018","ADA, MN US","1987-02","0",,"4","5",,"5.0","0.37","47","5709","1.17","12.5","27.4","35.4","19.4"
"USC00210018","ADA, MN US","1987-03","0","0","1","-5","0","1.0","0.27","61","6757","0.65","1.0","31.2","40.1","22.3"
"USC00210018","ADA, MN US","1987-04","10","0","0","20","0","0.0","0.11","89","7129","0.17","0.0","52.0","68.0","36.1"
"USC00210018","ADA, MN US","1987-05","69","0","0","25","0","0.0","1.88","93","7302","3.77","0.0","60.9","74.8","47.0"
"USC00210018","ADA, MN US","1987-06","200","0","0","38","0","0.0","0.51","95","7333","1.67","0.0","69.5","83.4","55.5"
"USC00210018","ADA, MN US","1987-07","473","0","0","45","0","0.0","2.93","100","15","6.04","0.0","74.0","86.0","62.1"
"USC00210018","ADA, MN US","1987-08",,"0","0","37","0","0.0","0.87",,,"2.35","0.0",,,"53.5"
"USC00210018","ADA, MN US","1987-09",,"0","0","34","0","0.0","0.40","85",,"1.05","0.0","61.1","73.7","48.4"
"USC00210018","ADA, MN US","1987-10",,"0","0","14","0","0.0","0.15","80",,"0.45","0.0","42.7","54.1","31.3"
"USC00210018","ADA, MN US","1987-11",,"0","1","-1","0","4.0","0.58","58",,"0.68","4.0","33.2","42.9","23.4"
"USC00210018","ADA, MN US","1987-12",,,"4","-9",,"2.0","0.10","38",,"0.35","6.0","20.0","26.9","13.2"
"USC00210018","ADA, MN US","1988-01","0",,"4","-27",,"8.0","0.32","37",,"0.64","17.0","4.7","15.3","-6.0"
"USC00210018","ADA, MN US","1988-02","0",,"1","-28",,"1.0","0.04","43",,"0.04","1.0","8.8","20.3","-2.7"
"USC00210018","ADA, MN US","1988-03","0",,"3","5",,"2.0","0.20","52",,"0.69","5.0","29.0","37.7","20.3"
"USC00210018","ADA, MN US","1988-04","0","0","0","11","0","0.0","0.00","82",,"0.00","0.0","45.3","62.3","28.4"
"USC00210018","ADA, MN US","1988-05","92","0","0","30","0","0.0","0.38","91",,"1.40","0.0","64.3","79.2","49.3"
"USC00210018","ADA, MN US","1988-06","318","0","0","42","0","0.0","0.75","98",,"2.15","0.0","73.0","87.4","58.6"
"USC00210018","ADA, MN US","1988-07","582","0","0","45","0","0.0","0.60","105","4","1.37","0.0","74.2","89.0","59.5"
"USC00210018","ADA, MN US","1988-08","792","0","0","39","0","0.0","1.92","101","25","5.50","0.0","72.3","85.5","59.1"
"USC00210018","ADA, MN US","1988-09","803","0","0","37","0","0.0","2.09","82","198","3.39","0.0","59.1","71.0","47.2"
"USC00210018","ADA, MN US","1988-10","803","0","0","9","0","0.0","0.15","79","841","0.48","0.0","43.1","55.3","31.0"
"USC00210018","ADA, MN US","1988-11","803",,"4","-4",,"4.5","0.38","51","1859","1.15","12.8","28.3","36.2","20.4"
"USC00210018","ADA, MN US","1988-12","803",,,"-23",,,,"40","3316",,,"14.3","24.5","4.0"
"USC00210018","ADA, MN US","1989-01","0",,"7","-33",,"9.0","0.48","36","4828","1.48","29.0","10.6","22.6","-1.4"
"USC00210018","ADA, MN US","1989-02","0",,"2","-38",,"2.0","0.08","42","6513","0.13","3.0","0.9","13.7","-12.0"
"USC00210018","ADA, MN US","1989-03","0",,"2","-21",,"2.0","0.33","52","7702","0.59","4.0","19.8","28.4","11.2"
"USC00210018","ADA, MN US","1989-04",,"0","0","13","0","0.0","0.17","74",,"0.47","0.0","41.7","52.3","31.1"
"USC00210018","ADA, MN US","1989-05",,"0","0","22","0","0.0","1.53","86",,"3.76","0.0","58.2","71.8","44.7"
"USC00210018","ADA, MN US","1989-06",,"0","0","37","0","0.0","0.79","91",,"1.70","0.0","64.0","76.7","51.2"
"USC00210018","ADA, MN US","1989-07",,"0","0","52","0","0.0","0.10","100","0","0.26","0.0","75.5","89.2","61.7"
"USC00210018","ADA, MN US","1989-08",,"0","0","41","0","0.0","1.19","100","20","4.37","0.0","70.4","84.6","56.2"
"USC00210018","ADA, MN US","1989-09",,"0","0","25","0","0.0","0.92","88","224","1.73","0.0","59.6","72.7","46.4"
"USC00210018","ADA, MN US","1989-10",,"0","0","8","0","0.0","0.16","83","825","0.30","0.0","45.4","61.1","29.6"
"USC00210018","ADA, MN US","1989-11",,,"6","-15",,"4.0","0.38","60","2027","1.63","14.0","23.8","34.5","13.0"
"USC00210018","ADA, MN US","1989-12",,,"2","-30",,"2.0","0.13","40","3946","0.19","3.0","3.1","14.4","-8.2"
"USC00210018","ADA, MN US","1990-01","0",,"0","-14",,"0.0","0.20","45","5274","0.20","0.0","20.9","32.6","9.1"
"USC00210018","ADA, MN US","1990-02","0",,"4","-17",,"4.0","0.27","47","6460","0.74","12.0","18.6","31.9","5.2"
"USC00210018","ADA, MN US","1990-03","0",,"3","-5",,"9.0","0.70","60","7539","1.68","12.0","30.2","40.9","19.5"
"USC00210018","ADA, MN US","1990-04","13","0","0","12","0","0.0","1.02","87","8207","2.06","0.0","42.4","55.3","29.5"
"USC00210018","ADA, MN US","1990-05","23","0","0","20","0","0.0","0.38","87","8515","0.93","0.0","55.4","70.0","40.8"
"USC00210018","ADA, MN US","1990-06","105","0","0","36","0","0.0","1.33","90","8582","4.03","0.0","65.5","77.8","53.3"
"USC00210018","ADA, MN US","1990-07","263","0","0","41","0","0.0","0.39","93","14","0.72","0.0","69.8","83.0","56.6"
"USC00210018","ADA, MN US","1990-08","445","0","0","43","0","0.0","1.00","96","32","2.31","0.0","70.3","84.1","56.5"
"USC00210018","ADA, MN US","1990-09","524","0","0","26","0","0.0","0.71","94","233","1.67","0.0","61.0","75.1","46.8"
"USC00210018","ADA, MN US","1990-10","524","0","1","20","0","4.0","0.48","79","827","0.67","4.0","45.8","60.4","31.2"
"USC00210018","ADA, MN US","1990-11","524","0","0","6","0","0.0","0.00","73","1735","0.00","0.0","33.6","43.5","23.7"
"USC00210018","ADA, MN US","1990-12","524",,,"-24",,,"0.33","54","3303","0.80",,"14.4","23.1","5.7"
"USC00210018","ADA, MN US","1991-01","0",,,"-20",,,"0.05","39","4975","0.14",,"7.5","16.9","-1.8"
"USC00210018","ADA, MN US","1991-02","0",,"4","-11",,"7.0","0.54","51","6027","1.12","14.0","23.3","32.6","13.9"
"USC00210018","ADA, MN US","1991-03","0","0","2","7","0","5.0","0.32","64","6997","0.36","6.0","33.7","43.3","24.1"
"USC00210018","ADA, MN US","1991-04","2","0","0","24","0","0.0","1.96","84","7499","3.67","0.0","48.3","59.7","37.0"
"USC00210018","ADA, MN US","1991-05","117","0","0","31","0","0.0","1.80","90","7705","3.96","0.0","62.1","72.8","51.4"
"USC00210018","ADA, MN US","1991-06","301","0","0","50","0","0.0","3.22","95","7707","6.54","0.0","71.5","82.9","60.1"
"USC00210018","ADA, MN US","1991-07","495","0","0","49","0","0.0","1.20","92","6","4.70","0.0","71.1","81.7","60.4"
"USC00210018","ADA, MN US","1991-08","777","0","0","47","0","0.0","1.17","98","13","1.81","0.0","73.9","87.0","60.8"
"USC00210018","ADA, MN US","1991-09","823","0","0","28","0","0.0","0.21","92","236","1.14","0.0","59.1","70.5","47.7"
"USC00210018","ADA, MN US","1991-10","823",,"0","8",,"0.0","0.89","75","882","0.98","0.0","43.4","55.5","31.4"
"USC00210018","ADA, MN US","1991-11","823",,"0","-7",,"0.0","0.33","49","2066","0.76","0.0","22.2","30.1","14.4"
"USC00210018","ADA, MN US","1991-12","823",,"1","-12",,"4.0","0.25","40","3504","0.31","4.0","18.6","25.8","11.5"
"USC00210018","ADA, MN US","1992-01","0",,,"-20",,,"0.18","43","4836","0.83",,"19.1","27.8","10.4"
"USC00210018","ADA, MN US","1992-02","0",,"2","-4",,"2.0","0.06","54","6083","0.09","3.0","22.0","31.5","12.5"
"USC00210018","ADA, MN US","1992-03","0","0","0","11","0","0.0","0.61","57","7096","0.61","0.0","32.3","40.7","23.9"
"USC00210018","ADA, MN US","1992-04","6","0","0","11","0","0.0",,"90","7776",,"0.0","42.5","52.6","32.5"
"USC00210018","ADA, MN US","1992-05","61","0","0","29","0","0.0","1.04","93","8019","2.58","0.0","58.7","73.4","44.1"
"USC00210018","ADA, MN US","1992-06","131","0","0","38","0","0.0","1.83","89","8108","7.11","0.0","64.4","75.8","53.0"
"USC00210018","ADA, MN US","1992-07","194","0","0","44","0","0.0","2.25","84","65","5.24","0.0","65.0","74.1","55.8"
"USC00210018","ADA, MN US","1992-08","320","0","0","44","0","0.0","1.50","92","133","4.35","0.0","66.9","77.7","56.1"
"USC00210018","ADA, MN US","1992-09",,"0","0","25","0","0.0","0.50",,,"1.33","0.0",,,"47.0"
"USC00210018","ADA, MN US","1992-10",,"0","0","21","0","0.0","0.03","90",,"0.03","0.0","46.3","59.0","33.6"
"USC00210018","ADA, MN US","1992-11",,,"0","5",,"0.0","0.62",,,"1.06","0.0",,,"22.9"
"USC00210018","ADA, MN US","1993-08",,"0","0","41","0","0.0","0.81","93",,"2.31","0.0","67.5","79.4","55.6"
"USC00210018","ADA, MN US","1993-09",,"0","0","25","0","0.0","0.17","78",,"0.63","0.0","51.8","65.4","38.1"
"USC00210018","ADA, MN US","1993-10",,"0","0","14","0","0.0","0.12","85",,"0.28","0.0","41.3","54.4","28.2"
"USC00210018","ADA, MN US","1993-11",,,"4","-2",,"5.8","0.42","50",,"1.19","14.1","24.1","34.0","14.3"
"USC00210018","ADA, MN US","1993-12",,,"4","-26",,"1.3","0.27","42",,"0.69","4.4","13.7","22.0","5.5"
"USC00210018","ADA, MN US","1994-01","0",,"4","-43",,"5.2","0.21","28",,"0.83","14.9","-6.4","3.7","-16.5"
"USC00210018","ADA, MN US","1994-02","0",,"3","-39",,"3.8","0.28","42",,"0.76","9.1","1.9","13.6","-9.7"
"USC00210018","ADA, MN US","1994-03","0",,"2","-1",,"6.4","0.58","50",,"0.67","7.6","27.6","35.8","19.4"
"USC00210018","ADA, MN US","1994-04","0","0","2","15","0","2.0","1.12","87",,"2.04","3.0","41.9","54.7","29.2"
"USC00210018","ADA, MN US","1994-05","48","0","0","29","0","0.0","0.85","89",,"2.20","0.0","57.9","72.0","43.9"
"USC00210018","ADA, MN US","1994-06","130","0","0","46","0","0.0","1.16","89",,"4.43","0.0","66.5","77.5","55.6"
"USC00210018","ADA, MN US","1994-07","209","0","0","47","0","0.0","1.95","87","16","3.81","0.0","67.1","78.2","56.0"
"USC00210018","ADA, MN US","1994-08","290","0","0","43","0","0.0","1.09","88","75","3.93","0.0","65.7","78.3","53.1"
"USC00210018","ADA, MN US","1994-09","346","0","0","35","0","0.0","1.10","89","238","3.39","0.0","61.4","74.0","48.9"
"USC00210018","ADA, MN US","1994-10","346","0","0","21","0","0.0","0.72","71","729","2.68","0.0","49.2","58.4","39.9"
"USC00210018","ADA, MN US","1994-11","346","2","0","10","3","0.3","0.77","55","1701","1.20","0.3","32.6","40.9","24.4"
"USC00210018","ADA, MN US","1994-12","346",,"1","-7",,"3.3","0.33","44","3119","0.50","3.3","19.3","27.9","10.6"
"USC00210018","ADA, MN US","1995-01","0",,"3","-20",,"7.0","0.45","35","4717","0.63","9.9","7.9","17.7","-1.9"
"USC00210018","ADA, MN US","1995-02","0",,"2","-20",,"5.5","0.25","40","6212","0.55","7.5","9.8","21.1","-1.5"
"USC00210018","ADA, MN US","1995-03","0",,"4","-24",,"4.5","1.18","62","7271","2.37","11.3","27.0","36.8","17.1"
"USC00210018","ADA, MN US","1995-04","0","0","1","4","0","1.0","0.41","62","8077","0.66","1.2","37.3","46.6","28.1"
"USC00210018","ADA, MN US","1995-05","7","0","0","33","0","0.0","0.86","84","8423","3.25","0.0","54.1","65.9","42.2"
"USC00210018","ADA, MN US","1995-06","221","0","0","40","0","0.0","1.45","97","8471","3.41","0.0","70.5","81.9","59.1"
"USC00210018","ADA, MN US","1995-07","354","0","0","43","0","0.0","2.25","91","34","7.52","0.0","68.2","78.4","58.0"
"USC00210018","ADA, MN US","1995-08","518","0","0","49","0","0.0","1.62","94","41","3.26","0.0","70.1","81.7","58.4"
"USC00210018","ADA, MN US","1995-09","566","0","0","24","0","0.0","1.46","89","303","2.93","0.0","57.5","70.6","44.3"
"USC00210018","ADA, MN US","1995-10","566","0","0","27","0","0.0","0.62","78","953","2.08","0.0","44.0","53.0","35.1"
"USC00210018","ADA, MN US","1995-11","566",,"2","-10",,"7.0","0.72","46","2296","1.59","11.0","20.2","28.2","12.3"
"USC00210018","ADA, MN US","1995-12","566",,"4","-22",,"6.2","0.48","42","3912","0.82","16.6","9.3","17.5","1.1"
"USC00210018","ADA, MN US","1996-01","0",,"4","-37",,"10.0","0.31","41","6060","0.94","15.7","-4.3","6.7","-15.3"
"USC00210018","ADA, MN US","1996-02","0",,"4","-43",,"4.3","0.25","42","7663","0.60","9.2","8.1","18.1","-1.9"
"USC00210018","ADA, MN US","1996-03","0",,"6","-20",,"9.2","0.75","47","9198","1.19","22.4","15.5","24.9","6.0"
"USC00210018","ADA, MN US","1996-04","0",,"0","11",,"0.5","0.07","67","10039","0.17","0.5","37.0","46.3","27.7"
"USC00210018","ADA, MN US","1996-05","11","0","0","27","0","0.0","2.80","81","10381","3.84","0.0","53.8","65.1","42.4"
"USC00210018","ADA, MN US","1996-06","157","0","0","37","0","0.0","0.64","95","10458","2.34","0.0","67.3","79.6","55.0"
"USC00210018","ADA, MN US","1996-07","267","0","0","46","0","0.0","0.85","89","17","2.86","0.0","68.0","79.8","56.2"
"USC00210018","ADA, MN US","1996-08","413","0","0","46","0","0.0","0.82","92","30","1.11","0.0","69.5","82.4","56.7"
"USC00210018","ADA, MN US","1996-09","466","0","0","31","0","0.0","1.61","89","250","3.60","0.0","59.5","71.3","47.7"
"USC00210018","ADA, MN US","1996-10","466","0","0","12","0","0.3","1.51","78","866","2.35","0.3","45.1","56.8","33.5"
"USC00210018","ADA, MN US","1996-11","466",,"4","-28",,"6.0","0.52","56","2286","1.61","18.7","16.0","25.1","7.0"
"USC00210018","ADA, MN US","1996-12","466",,"8","-32",,"5.5","0.26","33","4159","1.10","23.1","4.6","11.6","-2.4"
"USC00210018","ADA, MN US","1997-01","0",,"9","-34",,"5.5","0.25","38","6193","0.87","24.7","-0.6","9.0","-10.3"
"USC00210018","ADA, MN US","1997-02","0",,"5","-26",,"2.2","0.15","39","7727","0.36","7.4","10.2","22.0","-1.5"
"USC00210018","ADA, MN US","1997-03","0",,"5","-27",,"10.0","0.71","54","9187","1.73","23.2","17.9","29.2","6.5"
"USC00210018","ADA, MN US","1997-04",,,"1",,,"6.3","0.91",,,"1.24","6.3",,,
"USC00210018","ADA, MN US","1997-05",,"0","0","29","0","0.3","1.14","85",,"2.31","0.3","50.3","62.0","38.7"
"USC00210018","ADA, MN US","1997-06",,"0","0","49","0","0.0","2.30","92",,"6.88","0.0","67.9","80.9","54.8"
"USC00210018","ADA, MN US","1997-07",,"0","0","43","0","0.0","2.28","91","46","5.85","0.0","68.9","79.6","58.2"
"USC00210018","ADA, MN US","1997-08",,"0","0","41","0","0.0","0.62","91","99","1.36","0.0","66.5","79.4","53.6"
"USC00210018","ADA, MN US","1997-09",,"0","0","36","0","0.0","0.93","86","204","3.73","0.0","62.0","74.8","49.3"
"USC00210018","ADA, MN US","1997-10",,,"1","21",,"1.0","1.30","87","809","3.21","1.5","45.7","56.4","35.0"
"USC00210018","ADA, MN US","1997-11",,,"5","-11",,"3.5","0.39","46","2081","1.22","12.0","22.6","28.8","16.4"
"USC00210018","ADA, MN US","1997-12",,,"2","-17",,"3.0","0.18","39","3334","0.29","6.2","23.1","29.7","16.6"
"USC00210018","ADA, MN US","1998-01","0",,"5","-32",,"8.3","0.58","30","5081","1.02","14.8","8.6","17.5","-0.2"
"USC00210018","ADA, MN US","1998-02","0","23","1","-17","10","1.6","0.60","50","6163","1.42","2.4","26.4","32.6","20.1"
"USC00210018","ADA, MN US","1998-03","0",,"3","-8",,"1.5","0.35","56","7362","0.65","3.8","26.3","33.6","19.0"
"USC00210018","ADA, MN US","1998-04","0","0","0","28","0","0.0","0.55","79","7857","1.28","0.0","48.1","60.9","35.4"
"USC00210018","ADA, MN US","1998-05","18","0","0","35","0","0.0","1.43","84","8018","5.82","0.0","60.4","73.1","47.7"
"USC00210018","ADA, MN US","1998-06","70","0","0","35","0","0.0","1.33","86","8155","5.72","0.0","62.2","71.5","52.9"
"USC00210018","ADA, MN US","1998-07","240","0","0","48","0","0.0","0.74","92","13","1.97","0.0","70.1","81.5","58.5"
"USC00210018","ADA, MN US","1998-08","388","0","0","48","0","0.0","0.54","91","14","1.14","0.0","70.1","82.6","57.5"
"USC00210018","ADA, MN US","1998-09","456","0","0","34","0","0.0","0.45","92","157","1.40","0.0","62.5","76.9","48.1"
"USC00210018","ADA, MN US","1998-10","456",,"0","28",,"0.0","1.57","70","733","5.50","0.0","46.4","55.6","37.2"
"USC00210018","ADA, MN US","1998-11","456",,"4","0",,"8.0","0.76","52","1817","1.72","13.3","28.8","35.6","22.1"
"USC00210018","ADA, MN US","1998-12","456",,"2","-15",,"1.8","0.12","49","3334","0.26","3.3","16.1","24.7","7.4"
"USC00210018","ADA, MN US","1999-01","0",,"9","-25",,"4.1","0.34","36","5069","1.74","25.3","3.8","12.5","-5.0"
"USC00210018","ADA, MN US","1999-02","0",,"0","-20",,"0.8","0.16","44","6327","0.42","1.9","20.1","30.4","9.7"
"USC00210018","ADA, MN US","1999-03","0",,"3","5",,"5.0","0.75","65","7408","1.50","7.9","30.1","38.3","21.9"
"USC00210018","ADA, MN US","1999-04","0","0","1","26","0","1.0","0.52","78","8001","1.29","1.5","45.2","55.5","35.0"
"USC00210018","ADA, MN US","1999-05","24","0","0","32","0","0.0","1.31","88","8241","3.25","0.0","58.0","68.9","47.1"
"USC00210018","ADA, MN US","1999-07",,"0","0","50","0","0.0","0.92","91","16","4.33","0.0","70.3","81.4","59.2"
"USC00210018","ADA, MN US","1999-08",,"0","0","47","0","0.0","0.72","90","44","1.71","0.0","66.9","78.3","55.6"
"USC00210018","ADA, MN US","1999-09",,"0","0","32","0","0.0","2.25","86","344","6.07","0.0","55.6","66.2","44.9"
"USC00210018","ADA, MN US","1999-10",,"0","0","18","0","0.0","0.30","71","1048","0.47","0.0","42.3","54.5","30.1"
"USC00210018","ADA, MN US","1999-11",,"0","0","7","0","0.0","0.00","73","1921","0.00","0.0","35.9","48.9","22.9"
"USC00210018","ADA, MN US","1999-12",,,"3","-21",,"3.0","0.21","49","3307","0.40","6.3","20.3","30.5","10.1"
"USC00210018","ADA, MN US","2000-01","0",,"2","-17",,"4.0","0.45","36","5037","0.55","5.5","9.2","19.7","-1.3"
"USC00210018","ADA, MN US","2000-02","0",,"5","-16",,"2.0","0.37","52","6376","0.83","9.2","18.8","29.1","8.5"
"USC00210018","ADA, MN US","2000-03","0","9","1","6","3","4.8","0.61","71","7322","1.20","5.8","34.5","44.7","24.3"
"USC00210018","ADA, MN US","2000-04","0","3","2","11","3","3.0","0.34","74","8024","1.30","5.0","41.6","53.4","29.8"
"USC00210018","ADA, MN US","2000-05",,,"0",,,"0.0","0.70",,,"2.21","0.0",,,
"USC00210018","ADA, MN US","2000-06",,"0","0","39","0","0.0","2.15","96",,"6.27","0.0","61.7","72.2","51.2"
"USC00210018","ADA, MN US","2000-07",,"0","0","45","0","0.0","1.37","88","33","2.37","0.0","69.5","80.1","59.0"
"USC00210018","ADA, MN US","2000-08",,"0","0","43","0","0.0","0.89","91","61","2.86","0.0","68.0","80.2","55.9"
"USC00210018","ADA, MN US","2000-09",,"0","0","29","0","0.0","0.92","87","309","2.32","0.0","56.6","69.6","43.7"
"USC00210018","ADA, MN US","2000-10",,"0","0","20","0","0.0","1.28","80","864","2.42","0.0","47.1","58.7","35.5"
"USC00210018","ADA, MN US","2000-11",,,"2","-1",,"3.8","0.67","67","2034","3.14","6.7","26.0","33.2","18.8"
"USC00210018","ADA, MN US","2000-12",,,"8","-23",,"4.0","0.35","35","3822","1.03","16.5","0.9","10.4","-8.6"
"USC00210018","ADA, MN US","2001-01","0",,"2","-25",,"1.0","0.07","39","5226","0.18","2.9","12.6","22.1","3.1"
"USC00210018","ADA, MN US","2001-02","0",,"5","-28",,"3.0","0.17","29","6987","0.72","10.0","2.1","13.3","-9.1"
"USC00210018","ADA, MN US","2001-03","0",,"1","-9",,"1.5","0.07","45","8236","0.20","2.8","22.0","31.2","12.7"
"USC00210018","ADA, MN US","2001-04","4","1","1","19","4","4.0","1.00","82","8928","2.44","4.2","42.1","50.8","33.4"
"USC00210018","ADA, MN US","2001-05","25","0","0","37","0","0.0","0.85","88","9183","2.45","0.0","57.5","69.1","45.8"
"USC00210018","ADA, MN US","2001-06","128","0","0","45","0","0.0","0.68","91","9272","2.06","0.0","65.5","75.9","55.1"
"USC00210018","ADA, MN US","2001-07","330","0","0","40","0","0.0","0.65","91","20","2.56","0.0","70.9","82.0","59.7"
"USC00210018","ADA, MN US","2001-08","483",,"0","39",,"0.0","2.04","94","51","3.86","0.0","69.2","82.1","56.3"
"USC00210018","ADA, MN US","2001-09","506","0","0","32","0","0.0","2.23","94","282","3.44","0.0","58.1","70.1","46.1"
"USC00210018","ADA, MN US","2001-10","506","4","2","18","5","4.0","0.80","80","951","2.30","6.5","42.7","53.6","31.9"
"USC00210018","ADA, MN US","2001-11","506","3","3","16","7","3.0","0.06","67","1718","0.22","7.0","39.4","49.2","29.7"
"USC00210018","ADA, MN US","2001-12","506",,"2","-11",,"1.5","0.20","45","3106","0.43","3.0","20.2","27.8","12.6"
"USC00210018","ADA, MN US","2002-01","0",,"1","-11",,"2.0","0.08","44","4614","0.12","3.1","14.7","23.5","5.8"
"USC00210018","ADA, MN US","2002-02","0","5","0","-11","2","0.9","0.03","51","5829","0.04","1.6","21.6","32.7","10.5"
"USC00210018","ADA, MN US","2002-03","0","16","4","-13","8","4.0","0.17","54","7299","0.56","11.4","17.6","28.1","7.0"
"USC00210018","ADA, MN US","2002-04","0","4","2","11","4","3.5","0.27","85","8087","1.07","4.5","38.7","49.0","28.4"
"USC00210018","ADA, MN US","2002-05","15","0","0","24","0","0.0","0.35","87","8614","1.13","0.0","48.3","61.5","35.2"
"USC00210018","ADA, MN US","2002-06",,"0","0",,"0","0.0","2.80","94",,"6.09","0.0",,"78.4",
"USC00210018","ADA, MN US","2002-07",,"0","0","50","0","0.0","3.40","93","9","7.66","0.0","72.6","82.8","62.4"
"USC00210018","ADA, MN US","2002-08",,"0","0","43","0","0.0","0.75","88","55","3.07","0.0","67.4","78.5","56.2"
"USC00210018","ADA, MN US","2002-09",,"0","0","34","0","0.0","0.63","95","259","1.16","0.0","61.2","73.0","49.4"
"USC00210018","ADA, MN US","2002-10",,"0","1","13","0","1.0","0.36","69","1138","1.34","1.5","36.6","44.1","29.2"
"USC00210018","ADA, MN US","2002-11",,,"2","-1",,"2.0","0.15","60","2289","0.15","3.5","26.6","34.8","18.4"
"USC00210018","ADA, MN US","2002-12",,,"5","-12",,"3.6","0.26","45","3714","0.65","9.2","19.0","27.8","10.2"
"USC00210018","ADA, MN US","2003-01","0",,"1","-22",,"1.5","0.11","44","5324","0.31","4.5","5.7","15.6","-4.2"
"USC00210018","ADA, MN US","2003-02","0",,"2","-23",,"2.0","0.10","35","7023","0.24","3.9","4.3","15.5","-6.8"
"USC00210018","ADA, MN US","2003-03","0",,"4","-23",,"3.5","0.21","70","8350","0.64","11.3","22.2","33.5","10.9"
"USC00210018","ADA, MN US","2003-04","0","1","1","16","5","5.0","0.93","87","8950","1.65","5.3","45.0","57.5","32.5"
"USC00210018","ADA, MN US","2003-05","4","0","0","33","0","0.0","1.07","81","9252","4.30","0.0","55.2","67.4","43.0"
"USC00210018","ADA, MN US","2003-06","59","0","0","44","0","0.0","2.65","87","9324","5.50","0.0","64.4","75.0","53.8"
"USC00210018","ADA, MN US","2003-07","182","0","0","51","0","0.0","1.11","86","15","2.52","0.0","68.5","79.9","57.1"
"USC00210018","ADA, MN US","2003-08","394","0","0","41","0","0.0","0.28","96","31","0.80","0.0","71.3","84.0","58.7"
"USC00210018","ADA, MN US","2003-09","437","0","0","23","0","0.0","1.02","94","298","2.07","0.0","57.4","70.0","44.8"
"USC00210018","ADA, MN US","2003-10","445","0","0","21","0","0.3","1.07","86","835","1.83","0.3","47.9","59.8","36.0"
"USC00210018","ADA, MN US","2003-11","445",,"5","-9",,"2.7","0.22","48","2096","0.81","10.9","23.0","31.3","14.7"
"USC00210018","ADA, MN US","2003-12","445",,"7","-17",,"6.0","0.38","40","3525","0.93","15.4","18.9","27.2","10.6"
"USC00210018","ADA, MN US","2004-01","0",,"4","-48",,"13.0","0.35","33","5463","0.96","23.6","-0.2","10.5","-10.9"
"USC00210018","ADA, MN US","2004-02","0",,"4","-35",,"1.0","0.09","43","7051","0.38","5.8","10.2","21.9","-1.4"
"USC00210018","ADA, MN US","2004-03","0",,"5","-5",,"3.0","0.34","54","8226","1.10","10.3","27.1","37.0","17.2"
"USC00210018","ADA, MN US","2004-04","0","1","0","18","1","0.5","0.11","86","8876","0.18","0.5","43.4","56.0","30.7"
"USC00210018","ADA, MN US","2004-05","0","0","0","24","0","0.0","2.80","83","9320","5.34","0.0","50.2","61.5","39.0"
"USC00210018","ADA, MN US","2004-06","20","0","0","39","0","0.0","0.87","84","9477","1.52","0.0","60.4","71.5","49.4"
"USC00210018","ADA, MN US","2004-07","133","0","0","45","0","0.0","0.98","88","61","4.23","0.0","66.6","77.6","55.7"
"USC00210018","ADA, MN US","2004-08","151","0","0","35","0","0.0","1.83","80","208","3.63","0.0","60.9","71.8","49.9"
"USC00210018","ADA, MN US","2004-09","205","0","0","32","0","0.0","0.70","89","373","3.80","0.0","61.0","71.8","50.2"
"USC00210018","ADA, MN US","2004-10","207","0","0","21","0","0.0","0.79","80","947","3.80","0.0","45.2","56.0","34.5"
"USC00210018","ADA, MN US","2004-11","207","0","1","4","0","3.0","0.25","57","1891","0.30","3.0","32.3","41.7","22.9"
"USC00210018","ADA, MN US","2004-12","207",,"4","-17",,"6.5","0.45","41","3439","1.22","14.2","15.1","23.3","6.9"
"USC00210018","ADA, MN US","2005-01","0",,"6","-36",,"5.0","0.45","35","5407","1.62","18.3","1.5","12.2","-9.2"
"USC00210018","ADA, MN US","2005-02","0",,"2","-12",,"2.0","0.45","46","6816","0.89","5.2","14.7","24.7","4.6"
"USC00210018","ADA, MN US","2005-03","0",,"0","-11",,"0.6","0.05","64","8066","0.13","1.8","24.7","34.4","14.9"
"USC00210018","ADA, MN US","2005-05",,"0","0","19","0","0.0","0.58","81",,"2.58","0.0","52.6","63.1","42.1"
"USC00210018","ADA, MN US","2005-06",,"0","0","51","0","0.0","1.94","93",,"6.39","0.0","67.5","77.1","58.0"
"USC00210018","ADA, MN US","2005-07",,"0","0","47","0","0.0","0.71","91","39","1.70","0.0","70.2","81.4","58.9"
"USC00210018","ADA, MN US","2005-08",,"0","0","45","0","0.0","3.20","93","89","6.52","0.0","66.7","78.9","54.5"
"USC00210018","ADA, MN US","2005-09",,"0","0","33","0","0.0","2.35","87","248","4.83","0.0","61.3","73.6","49.0"
"USC00210018","ADA, MN US","2005-10",,"0","0","25","0","0.0","1.70","85","786","2.19","0.0","47.9","58.4","37.3"
"USC00210018","ADA, MN US","2005-11",,"4","2","-1","2","2.0","0.85","62","1631","2.63","4.0","32.7","40.8","24.6"
"USC00210018","ADA, MN US","2005-12",,,"6","-13",,"6.0","0.56","35","3177","1.43","13.0","15.2","22.0","8.3"
"USC00210018","ADA, MN US","2006-01","0",,"3","-5",,"2.0","0.14","41","4506","0.48","4.0","22.1","29.5","14.7"
"USC00210018","ADA, MN US","2006-02","0","23","4","-25","17","7.9","0.15","33","6135","0.62","17.8","6.8","18.0","-4.4"
"USC00210018","ADA, MN US","2006-07",,"0","0","51","0","0.0","0.98","101","6","1.58","0.0","74.4","87.9","60.9"
"USC00210018","ADA, MN US","2006-08",,"0","0","47","0","0.0","1.09","87","18","2.75","0.0","69.1","81.5","56.7"
"USC00210018","ADA, MN US","2006-09",,"0","0","32","0","0.0","0.80","87","278","2.80","0.0","57.5","68.8","46.2"
"USC00210018","ADA, MN US","2006-10",,,,"19",,,,"82","1010",,,"41.4","51.3","31.5"
"USC00210018","ADA, MN US","2006-11",,"0","0","-1","0","0.0","0.15","66","2062","0.38","0.0","29.9","39.7","20.1"
"USC00210018","ADA, MN US","2006-12",,,,"-11",,,,"41","3377",,,"22.6","31.1","14.1"
"USC00210018","ADA, MN US","2007-01","0",,"0","-17",,"0.5","0.00","36","5040","0.00","0.5","11.4","19.5","3.3"
"USC00210018","ADA, MN US","2007-02","0",,"4","-26",,"2.4",,"42","6572",,"9.2","5.6","14.6","-3.3"
"USC00210018","ADA, MN US","2007-03","0",,"3","-10",,"3.8","0.58","67","7657","2.00","6.6","30.0","39.1","20.9"
"USC00210018","ADA, MN US","2007-04","0",,"2","4",,"4.6","0.78","80","8361","2.32","7.0","41.5","52.7","30.3"
"USC00210018","ADA, MN US","2007-05","25","0","0","36","0","0.0","1.64","88","8591","4.12","0.0","58.4","70.4","46.4"
"USC00210018","ADA, MN US","2007-06","174","0","0","41","0","0.0","1.91","92","8630","5.06","0.0","68.6","79.4","57.9"
"USC00210018","ADA, MN US","2007-07","420","0","0","50","0","0.0",,"96","11",,"0.0","72.6","84.4","60.8"
"USC00210018","ADA, MN US","2007-08","515","0","0","45","0","0.0","0.86","93","60","2.00","0.0","66.5","78.2","54.8"
"USC00210018","ADA, MN US","2007-09","576","0","0","34","0","0.0","0.86","95","287","2.28","0.0","59.3","70.1","48.4"
"USC00210018","ADA, MN US","2007-10","577","0","0","24","0","0.0","1.04","84","824","2.45","0.0","47.7","57.3","38.1"
"USC00210018","ADA, MN US","2007-11","577","0","0","-7","0","0.6","0.12","59","1854","0.20","0.9","29.5","38.4","20.6"
"USC00210018","ADA, MN US","2007-12","577",,"4","-22",,"8.3","0.64","32","3456","1.22","18.8","8.1","15.8","0.5"
"USC00210018","ADA, MN US","2008-01","0",,"0","-26",,"0.3","0.02","39","5319","0.06","0.7","4.9","14.1","-4.3"
"USC00210018","ADA, MN US","2008-02","0",,"2","-29",,"3.6","0.15","33","7062","0.52","7.8","4.9","14.3","-4.5"
"USC00210018","ADA, MN US","2008-03","0",,"2","-19",,"3.2","0.09","44","8401","0.26","5.7","21.8","31.0","12.6"
"USC00210018","ADA, MN US","2008-04","0",,"3","22",,"7.8","0.42","71","9110","1.26","15.2","41.4","52.2","30.5"
"USC00210018","ADA, MN US","2008-05","2","0","0","27","0","0.0","0.61","82","9528","1.28","0.0","51.5","65.3","37.8"
"USC00210018","ADA, MN US","2008-06","49","0","0","47","0","0.0","1.72","86","9628","6.02","0.0","63.2","73.3","53.1"
"USC00210018","ADA, MN US","2008-07","188","0","0","48","0","0.0","1.98","90","15","6.13","0.0","69.0","80.1","57.9"
"USC00210018","ADA, MN US","2008-08","339","0","0","46","0","0.0","1.39","90","38","1.49","0.0","69.1","80.8","57.5"
"USC00210018","ADA, MN US","2008-10",,"0","0","25","0","0.0","0.86","69",,"4.23","0.0","45.7","54.9","36.5"
"USC00210018","ADA, MN US","2008-11",,"0","0","3","0","0.0","0.79","67",,"0.97","0.0","30.5","37.3","23.6"
"USC00210018","ADA, MN US","2008-12",,,"6","-23",,"5.0","0.50","37",,"1.52","21.5","3.8","14.0","-6.3"
"USC00210018","ADA, MN US","2009-01","0",,"2","-35",,"3.3","0.27","43",,"0.76","7.8","-0.6","10.0","-11.2"
"USC00210018","ADA, MN US","2009-02","0",,"1","-22",,"4.1","0.29","40",,"1.42","7.1","9.2","18.6","-0.2"
"USC00210018","ADA, MN US","2009-03","0",,,"-18",,,,"50",,,,"22.3","30.8","13.8"
"USC00210018","ADA, MN US","2009-04","0","0","0","22","0","0.0","0.45","81",,"0.78","0.0","40.7","49.9","31.5"
"USC00210018","ADA, MN US","2009-05","0","0","0","29","0","0.0","0.64","86",,"1.91","0.0","52.1","65.2","39.0"
"USC00210018","ADA, MN US","2009-06","71","0","0","36","0","0.0","3.50","91",,"5.56","0.0","62.7","73.6","51.8"
"USC00210018","ADA, MN US","2009-07","130","0","0","48","0","0.0","0.49","86","49","1.20","0.0","65.3","76.6","54.0"
"USC00210018","ADA, MN US","2009-08","210","0","0","40","0","0.0","0.90","94","119","3.07","0.0","65.3","76.4","54.3"
"USC00210018","ADA, MN US","2009-09","282","0","0","32","0","0.0","1.55","85","206","2.77","0.0","64.5","75.8","53.1"
"USC00210018","ADA, MN US","2009-10","282","0","0","20","0","0.0","2.16","60","994","4.79","0.0","39.6","45.5","33.7"
"USC00210018","ADA, MN US","2009-11","282","0","0","20","0","0.0","0.29","58","1809","0.31","0.0","37.8","46.6","29.1"
"USC00210018","ADA, MN US","2009-12","282",,"4","-16",,"6.2","0.27","35","3574","1.04","15.9","8.1","14.7","1.5"
"USC00210018","ADA, MN US","2010-01","0",,"3","-31",,"2.4","0.78","34","5350","2.46","6.8","7.7","14.3","1.1"
"USC00210018","ADA, MN US","2010-03",,"0","0","-1","0","0.0","0.72","69",,"1.31","0.0","34.2","41.9","26.5"
"USC00210018","ADA, MN US","2010-04",,"0","0","26","0","0.0","0.89","76",,"1.44","0.0","50.5","63.2","37.8"
"USC00210018","ADA, MN US","2010-05",,"0","0","33","0","0.0","0.68","97",,"2.76","0.0","57.7","68.6","46.8"
"USC00210018","ADA, MN US","2010-06",,"0","0","46","0","0.0","3.33","86",,"4.82","0.0","64.7","74.9","54.6"
"USC00210018","ADA, MN US","2010-07",,"0","0","50","0","0.0","1.82","93","3","5.18","0.0","70.6","81.9","59.3"
"USC00210018","ADA, MN US","2010-09",,"0","0","34","0","0.0","1.96","73",,"5.96","0.0","54.9","64.3","45.6"
"USC00210018","ADA, MN US","2010-10",,"0","0","26","0","0.0","1.88","84",,"3.10","0.0","49.3","60.6","37.9"
"USC00210018","ADA, MN US","2010-11",,,"2","-9",,"5.2","0.24","67",,"0.86","7.0","28.0","36.7","19.3"
"USC00210018","ADA, MN US","2010-12",,,"4","-16",,"6.5","0.52","32",,"1.36","16.1","9.4","15.7","3.0"
"USC00210018","ADA, MN US","2011-01","0",,,"-27",,,,"35",,,,"1.6","10.1","-6.8"
"USC00210018","ADA, MN US","2011-02","0",,,"-23",,,,"46",,,,"10.6","20.1","1.1"
"USC00210018","ADA, MN US","2011-03","0",,,"-8",,,,"45",,,,"20.7","30.0","11.5"
"USC00210018","ADA, MN US","2011-04","0",,,"25",,,,"72",,,,"41.3","50.4","32.2"
"USC00210018","ADA, MN US","2011-05","3",,,"25",,,,"79",,,,"54.0","64.0","44.0"
"USC00210018","ADA, MN US","2011-06","80",,,"44",,,,"96",,,,"65.4","75.8","54.9"
"USC00210018","ADA, MN US","2011-07","331",,,"46",,,,"93","5",,,"72.9","84.1","61.8"
"USC00210018","ADA, MN US","2011-08","485",,,"51",,,,"90","15",,,"69.7","81.7","57.6"
"USC00210018","ADA, MN US","2011-09","532",,,"30",,,,"90","250",,,"58.7","72.0","45.4"
"USC00210018","ADA, MN US","2011-10","565",,,"24",,,,"89","735",,,"50.4","62.0","38.9"
"USC00210018","ADA, MN US","2011-11","565",,,"3",,,,"58","1734",,,"31.7","41.6","21.7"
"USC00210018","ADA, MN US","2011-12","565",,,"-1",,,,"49","3056",,,"22.4","31.2","13.5"
"USC00210018","ADA, MN US","2012-01","0",,,"-19",,,,"47","4554",,,"16.7","25.7","7.7"
"USC00210018","ADA, MN US","2012-02","0",,,"-13",,,,"42","5885",,,"19.1","28.8","9.4"
"USC00210018","ADA, MN US","2012-03","0",,,"-2",,,,"75","6659",,,"40.0","50.7","29.4"
"USC00210018","ADA, MN US","2012-04","0",,"0","18",,"0.0",,"76","7214",,"0.0","46.5","58.4","34.6"
"USC00210018","ADA, MN US","2012-05","34",,"0","36",,"0.0",,"95","7447",,"0.0","58.5","71.5","45.6"
"USC00210018","ADA, MN US","2012-06","163",,,"42",,,,"94","7483",,,"68.1","80.3","55.9"
"USC00210018","ADA, MN US","2012-07","486",,,"50",,,,"98","0",,,"75.4","87.6","63.2"
"USC00210018","ADA, MN US","2012-08","615",,,"43",,,,"97","25",,,"68.4","82.4","54.3"
"USC00210018","ADA, MN US","2012-09","665","0","0","27","0","0.0","0.12","91","275","0.22","0.0","58.4","73.3","43.4"
"USC00210018","ADA, MN US","2012-10","665","2","2","23","5","5.0","1.04","76","980","2.23","8.2","42.2","50.8","33.7"
"USC00210018","ADA, MN US","2012-11","665","4","1","1","1","1.3","0.10","58","2052","0.22","2.3","29.2","36.0","22.5"
"USC00210018","ADA, MN US","2012-12","665",,"1","-17",,"1.5","0.10","51","3632","0.16","3.1","14.0","22.0","6.0"
"USC00210018","ADA, MN US","2013-01","0",,"2","-21",,"2.2","0.32","42","5375","0.70","4.6","8.8","17.8","-0.2"
"USC00210018","ADA, MN US","2013-02","0",,"5","-22",,"11.0","0.34","33","6891","0.83","16.9","10.8","18.4","3.3"
"USC00210018","ADA, MN US","2013-03","0",,"5","-12",,"7.8","0.48","44","8407","1.10","19.0","16.1","26.9","5.3"
"USC00210018","ADA, MN US","2013-05",,"0","0","25","0","0.0","0.84","90",,"3.85","0.0","55.5","66.2","44.8"
"USC00210018","ADA, MN US","2013-06",,"0","0","41","0","0.0","1.67","87",,"3.16","0.0","65.7","76.3","55.1"
"USC00210018","ADA, MN US","2013-07",,"0","0","45","0","0.0","0.10","95","25","0.25","0.0","70.1","81.6","58.7"
"USC00210018","ADA, MN US","2013-08",,"0","0","45","0","0.0","0.98","96","63","1.57","0.0","69.5","81.8","57.1"
"USC00210018","ADA, MN US","2013-09",,"0","0","41","0","0.0","1.23","91","195","4.05","0.0","61.8","72.7","51.0"
"USC00210018","ADA, MN US","2013-10",,"0","0","19","0","0.0","1.07","74","880","3.07","0.0","42.9","51.4","34.4"
"USC00210018","ADA, MN US","2013-11",,,"0","-8",,"0.4","0.04","55","2073","0.07","0.4","25.2","34.4","16.1"
"USC00210018","ADA, MN US","2013-12",,,"6","-25",,"4.2","0.22","37","4055","0.98","16.6","1.1","9.2","-7.1"
"USC00210018","ADA, MN US","2014-01","0",,,"-28",,,,"42","6055",,,"0.5","12.0","-11.0"
"USC00210018","ADA, MN US","2014-02","0",,,"-22",,,,"40","7856",,,"0.7","12.0","-10.6"
"USC00210018","ADA, MN US","2014-03","0",,,"-23",,,,"50","9285",,,"18.9","28.7","9.0"
"USC00210018","ADA, MN US","2014-04","0",,"0","8",,"0.0","1.23","74","10079","2.65","0.0","38.5","48.5","28.6"
"USC00210018","ADA, MN US","2014-05","62",,,"29",,,"0.54","92","10458","2.19",,"54.8","65.9","43.6"
"USC00210018","ADA, MN US","2014-06","138",,,"46",,,"1.87","86","10514","7.36",,"65.7","75.6","55.8"
"USC00210018","ADA, MN US","2014-07","253",,,"46",,,"1.05","93","42","2.04",,"67.4","78.5","56.2"
"USC00210018","ADA, MN US","2014-08","381",,,"48",,,"0.92","87","65","2.39",,"68.4","78.7","58.0"
"USC00210018","ADA, MN US","2014-09","404",,,"36",,,"0.72","86","267","2.07",,"59.1","70.7","47.4"
"USC00210018","ADA, MN US","2014-10","404",,,"15",,,"0.22","74","844","0.65",,"46.4","57.0","35.8"
"USC00210018","ADA, MN US","2014-11","404",,,"-15",,,"0.23","54","2174","0.54",,"20.7","28.9","12.4"
"USC00210018","ADA, MN US","2014-12","404",,,"-14",,,"0.12","45","3633","0.31",,"17.9","24.5","11.3"
"USC00210018","ADA, MN US","2015-01","0",,,"-16",,,"0.08","42","5261","0.39",,"12.5","21.0","4.0"
"USC00210018","ADA, MN US","2015-02","0",,,"-23",,,"0.07","34","6991","0.21",,"3.2","13.5","-7.1"
"USC00210018","ADA, MN US","2015-03","0",,,"-12",,,"0.05","72","8097","0.30",,"29.3","40.8","17.8"
"USC00210018","ADA, MN US","2015-04","0",,,"11",,,"0.38","78","8716","0.82",,"44.4","58.3","30.4"
"USC00210018","ADA, MN US","2015-05","5",,,"28",,,"1.45","85","9070","4.35",,"53.7","65.8","41.7"
"USC00210018","ADA, MN US","2015-06","81",,,"45",,,"1.08","89","9116","4.49",,"66.0","77.5","54.5"
"USC00210018","ADA, MN US","2015-07","280",,,"44",,,"0.95","92","16","2.69",,"70.9","82.2","59.5"
"USC00210018","ADA, MN US","2015-08","410",,,"42",,,"0.68","95","70","1.13",,"67.5","80.2","54.7"
"USC00210018","ADA, MN US","2015-09","503",,,"33",,,"0.41","92","199","0.70",,"63.8","76.4","51.2"
"USC00210018","ADA, MN US","2015-10","511",,,"26",,,"0.70","93","707","1.61",,"48.9","60.5","37.3"
"USC00210018","ADA, MN US","2015-11","511",,,"1",,,"0.52","64","1628","1.46",,"34.3","43.1","25.5"
"USC00210018","ADA, MN US","2015-12","511",,,"-6",,,"0.30","42","2971","0.68",,"21.7","27.6","15.8"
"USC00210018","ADA, MN US","2016-01","0",,,"-25",,,"0.45","38","4667","1.29",,"10.3","17.7","2.8"
"USC00210018","ADA, MN US","2016-02","0",,,"-13",,,"0.30","46","5981","0.91",,"19.7","27.5","11.8"
"USC00210018","ADA, MN US","2016-03","0",,,"-1",,,"0.16","68","6911","0.61",,"35.0","44.2","25.8"
"USC00210018","ADA, MN US","2016-04","0",,,"15",,,"0.87","70","7643","1.72",,"40.6","51.0","30.2"
"USC00210018","ADA, MN US","2016-05","33",,,"23",,,"0.52","91","7876","2.02",,"58.5","71.1","46.0"
"USC00210018","ADA, MN US","2016-06","120",,,"45",,,"1.00","89","7925","2.33",,"66.3","78.1","54.4"
"USC00210018","ADA, MN US","2016-07","285",,,"46",,,"1.32","90","21","5.71",,"69.7","80.5","58.8"
"USC00210018","ADA, MN US","2016-08","425",,,"47",,,"3.82","90","41","6.60",,"68.8","80.4","57.3"
"USC00210018","ADA, MN US","2016-09","449",,,"37",,,"1.58","82","202","3.89",,"60.4","70.5","50.3"
"USC00210018","ADA, MN US","2016-10","452",,,"27",,,"0.90","78","766","1.96",,"46.9","56.6","37.2"
"USC00210018","ADA, MN US","2016-11","452",,,"17",,,"0.30","75","1487","1.20",,"41.0","49.6","32.4"
"USC00210018","ADA, MN US","2016-12","452",,,"-24",,,"0.80","36","3073","2.25",,"13.8","21.9","5.8"
"USC00210018","ADA, MN US","2017-01","0",,"4","-26",,"4.2","0.20","39","4725","0.69","11.2","11.7","18.6","4.8"
"USC00210018","ADA, MN US","2017-02","0",,,"-11",,,"0.40","52","5942","0.64",,"21.5","30.1","13.0"
"USC00210018","ADA, MN US","2017-03","0",,,"-7",,,"0.18","63","7110","0.38",,"27.3","37.7","16.8"
"USC00210018","ADA, MN US","2017-04","0",,,"22",,,"0.45","69","7787","1.55",,"42.4","54.2","30.7"
"USC00210018","ADA, MN US","2017-05","0",,,"29",,,"0.72","83","8147","1.63",,"53.4","66.0","40.8"
"USC00210018","ADA, MN US","2017-06","57",,,"39",,,"0.88","90","8226","2.57",,"64.3","76.6","51.9"
"USC00210018","ADA, MN US","2017-07","203",,,"44",,,"1.07","92","24","2.56",,"68.9","81.8","56.1"
"USC00210018","ADA, MN US","2017-08","235",,,"40",,,"0.53","89","94","1.31",,"63.8","76.7","50.8"
"USC00210018","ADA, MN US","2017-09","265",,,"33",,,"3.96","91","311","5.79",,"58.8","71.1","46.5"
"USC00210018","ADA, MN US","2017-10","267",,,"19",,,"0.60","78","879","0.79",,"46.7","58.6","34.9"
"USC00210018","ADA, MN US","2017-11","267",,,"-1",,,"0.12","53","2067","0.43",,"25.4","34.0","16.8"
"USC00210018","ADA, MN US","2017-12","267",,,"-32",,,"0.50","45","3682","1.52",,"11.1","20.2","2.1"
"USC00210018","ADA, MN US","2018-01","0",,,"-27",,,"0.30","40","5461","0.69",,"7.6","16.2","-1.0"
"USC00210018","ADA, MN US","2018-02","0",,,"-26",,,"0.41","41","7192","1.08",,"3.2","14.8","-8.5"
"USC00210018","ADA, MN US","2018-03","0",,,"-8",,,"0.62","43","8421","1.37",,"25.4","33.8","16.9"
"USC00210018","ADA, MN US","2018-04","0",,,"4",,,"0.14","72","9375","0.26",,"33.2","43.5","22.8"
"USC00210018","ADA, MN US","2018-05","79",,,"29",,,"1.46","93","9605","2.91",,"60.2","75.1","45.2"
"USC00210018","ADA, MN US","2018-06","201",,,"44",,,"0.94","92","9638","3.37",,"67.9","79.6","56.3"
"USC00210018","ADA, MN US","2018-07","340",,,"46",,,"0.94","91","23","2.68",,"68.7","81.3","56.1"
"USC00210018","ADA, MN US","2018-08","442",,,"39",,,"0.92","92","99","2.92",,"65.9","79.2","52.5"
"USC00210018","ADA, MN US","2018-09","453",,,"25",,,"1.37","92","355","2.94",,"56.8","68.7","45.0"
"USC00210018","ADA, MN US","2018-10","453",,,"17",,,"0.49","71","1162","3.37",,"39.0","47.7","30.3"
"USC00210018","ADA, MN US","2018-11","453",,,"0",,,"0.14","47","2489","0.61",,"20.8","27.7","13.8"
"USC00210018","ADA, MN US","2018-12","453",,,"-15",,,"0.50","38","3941","0.98",,"18.2","26.5","9.8"
"USC00210018","ADA, MN US","2019-01","0",,,"-35",,,"0.40","38","5852","0.87",,"3.4","11.9","-5.2"
"USC00210018","ADA, MN US","2019-02","0",,,"-29",,,"0.50","23","7692","2.22",,"-0.7","9.6","-11.1"
"USC00210018","ADA, MN US","2019-03","0",,,"-24",,,"1.02","44","9200","1.51",,"16.4","28.2","4.5"
"USC00210018","ADA, MN US","2019-04","0",,,"20",,,"0.60","72","9941","1.73",,"40.3","49.7","30.9"
"USC00210018","ADA, MN US","2019-05","7",,,"23",,,"0.84","88","10432","2.68",,"49.4","61.2","37.5"
"USC00210018","ADA, MN US","2019-06","85",,,"37",,,"1.10","96","10520","3.67",,"64.7","76.9","52.5"
"USC00210018","ADA, MN US","2019-07","245",,,"43",,,"2.48","93","18","4.67",,"69.5","81.3","57.8"
"USC00210018","ADA, MN US","2019-08","312",,,"44",,,"1.80","86","95","4.72",,"64.7","76.0","53.4"
"USC00210018","ADA, MN US","2019-09","352",,,"30",,,"1.07","88","304","4.19",,"59.4","69.8","48.9"
"USC00210018","ADA, MN US","2019-10","352",,,"17",,,"1.10","70","1057","4.08",,"40.7","47.7","33.7"
"USC00210018","ADA, MN US","2019-11","352",,,"-1",,,"0.16","46","2182","0.38",,"26.1","33.2","19.0"
"USC00210018","ADA, MN US","2019-12","352",,,"-25",,,"0.80","34","3825","2.52",,"12.0","21.2","2.7"
"USC00210018","ADA, MN US","2020-01","0",,,"-31",,,"0.25","36","5473","0.44",,"9.9","19.7","0.2"
